Date,91-day Rejection Rate,91-day Wair,182-day Rejection Rate,182-day Wair,364-day Rejection Rate,364-day Wair,91-day Bid-to-cover,182-day Bid-to-cover,364-day Bid-to-cover
2014-01-06,11.625,0.6930000000000001,0.0,,33.261802575107296,1.079,1.27375,0.5521666666666667,0.466
2014-02-03,0.0,1.458,100.0,,100.0,,3.9715,0.65,0.41
2014-03-03,0.0,1.0,0.0,1.4000000000000001,56.00000000000001,1.865,5.3275,2.756666666666667,1.21
2014-04-07,0.0,1.44,0.0,1.696,0.0,1.9720000000000002,1.49,1.4416666666666667,1.3966666666666667
2014-05-05,0.0,1.346,100.0,,100.0,,2.550875,1.6933333333333334,2.0008333333333335
2014-06-02,0.0,1.035,0.0,1.481,0.0,1.754,3.66075,2.7016666666666667,2.8183333333333334
2014-07-07,0.0,1.157,0.0,1.513,0.0,1.718,2.865,2.5,3.195333333333333
2014-08-04,0.0,1.373,100.0,,39.0,1.8689999999999998,2.799,1.8833333333333333,2.013333333333333
2014-09-01,0.0,1.244,0.0,1.6500000000000001,0.0,1.864,3.19275,2.6,3.7808333333333333
2014-10-07,0.0,1.1440000000000001,0.0,1.6760000000000002,0.0,1.87,2.970125,2.752,3.2765
2014-11-03,0.0,1.298,0.0,1.654,0.0,1.7680000000000002,2.1905,2.868333333333333,3.9491666666666667
2014-12-01,0.0,1.4160000000000001,0.0,1.771,0.0,1.836,1.364375,2.1108333333333333,2.066666666666667
2015-01-05,100.0,,100.0,,100.0,,0.75,1.4916666666666667,1.2
2015-02-02,0.0,1.541,0.0,1.7579999999999998,0.0,1.947,3.237125,2.2683333333333335,1.4325
2015-03-02,0.0,1.397,0.0,1.699,0.0,1.9480000000000002,3.536125,3.308333333333333,2.125
2015-04-06,0.0,1.6549999999999998,37.5,1.918,54.833333333333336,2.0,2.450875,1.8083333333333333,1.4183333333333332
2015-05-04,25.0,2.049,16.666666666666664,2.252,45.50408719346049,2.431,1.090625,1.4583333333333333,0.6116666666666667
2015-06-01,0.0,2.1420000000000003,0.0,2.35,70.03560126582279,2.512,2.29,1.8221666666666667,0.8426666666666667
2015-07-06,0.0,2.078,0.0,2.333,50.916666666666664,2.552,3.368125,2.75,1.0741666666666667
2015-08-03,0.0,1.999,0.0,2.183,0.0,2.306,3.633375,2.671666666666667,2.2583333333333333
2015-09-07,0.0,1.505,0.0,1.526,0.0,1.921,2.17625,4.318833333333333,1.5771666666666666
2015-10-05,44.875,1.4909999999999999,0.0,1.5070000000000001,0.0,1.8780000000000001,1.551875,2.165,1.9545
2015-11-02,14.0875,1.773,17.516666666666666,1.806,,,1.192875,1.6665,1.5576666666666668
2015-12-07,46.9375,1.836,31.333333333333336,1.8429999999999997,65.0,1.952,1.281875,1.3866666666666667,1.0166666666666666
2016-01-18,0.0,1.6840000000000002,0.0,1.6420000000000001,0.0,1.7399999999999998,2.03275,2.7925,1.7675
2016-02-22,0.0,1.513,0.0,1.508,0.0,1.678,3.24625,2.725,1.61
2016-03-14,0.0,1.469,0.0,1.5890000000000002,0.0,1.7500000000000002,2.90375,1.39,1.3583333333333334
2016-04-04,0.0,1.551,56.481481481481474,1.7579999999999998,0.0,1.779,1.78875,0.9,1.3366666666666667
2016-05-02,27.474999999999998,1.6740000000000002,0.0,1.6500000000000001,0.0,1.8659999999999999,1.19025,2.16,1.7816666666666667
2016-06-06,0.0,1.5879999999999999,0.0,1.617,0.0,1.925,2.19825,2.029333333333333,1.3816666666666666
2016-07-18,0.0,1.447,0.0,1.442,0.0,1.63,1.9825,3.0566666666666666,2.1483333333333334
2016-08-10,0.0,1.4789999999999999,0.0,1.474,0.0,1.7239999999999998,2.230375,2.84,1.8808333333333334
2016-09-26,0.0,1.321,0.0,1.439,0.0,1.683,2.641,2.65,2.5751666666666666
2016-10-17,0.0,1.281,0.0,1.505,34.833333333333336,1.8800000000000001,2.03875,1.6333333333333333,1.1183333333333334
2016-11-14,0.0,1.484,26.666666666666668,1.809,100.0,,2.04,1.1333333333333333,0.7433333333333333
2016-12-05,0.0,1.555,41.39517056343426,1.876,100.0,,1.40125,0.8696666666666667,0.5916666666666667
2017-01-16,14.942528735632186,1.7999999999999998,9.656652360515022,2.037,60.40268456375839,2.276,0.725,0.932,0.745
2017-01-31,0.0,1.9980000000000002,21.3,2.252,61.13164628945123,2.571,1.4766666666666666,1.137,0.87925
2017-02-13,28.416666666666668,2.252,28.599999999999998,2.467,-158.27586206896552,2.766,1.4425,1.004,0.3625
2017-02-27,0.0,2.36,51.4,2.587,0.0,2.763,1.4283333333333332,1.026,2.35125
2017-03-13,0.0,2.374,0.0,2.606,0.0,2.799,2.9071666666666665,2.247,1.66625
2017-04-10,0.0,2.394,0.0,2.608,21.25,2.945,3.0883333333333334,2.084,1.325
2017-04-24,0.0,2.299,0.0,2.638,0.0,2.989,3.5258333333333334,1.8064,1.60375
2017-05-08,0.0,2.205,0.0,2.6020000000000003,0.0,2.9659999999999997,2.918833333333333,1.5002,2.37375
2017-05-22,0.0,2.1479999999999997,0.0,2.494,0.0,2.835,3.991,2.789,4.30625
2017-06-05,0.0,2.103,0.0,2.456,0.0,2.85,4.18,2.9354,3.01725
2017-06-19,0.0,2.084,0.0,2.421,0.0,2.875,3.613166666666667,3.7804,3.094
2017-07-03,0.0,2.1260000000000003,17.380000000000003,2.496,40.75,2.926,2.0008333333333335,1.1262,1.7255
2017-07-17,31.216666666666665,2.189,100.0,,9.75,2.995,1.527,0.71,1.4825
2017-07-31,0.0,2.176,0.0,2.529,0.0,2.972,2.6335,1.588,2.0445
2017-08-14,0.0,2.161,0.0,2.577,0.0,2.946,2.699333333333333,1.2358,2.47925
2017-08-29,0.0,2.1430000000000002,0.0,2.5919999999999996,0.0,2.935,3.4778333333333333,2.322,2.80725
2017-09-11,0.0,2.088,0.0,2.564,0.0,2.92,4.904833333333333,2.207,2.9475
2017-09-25,0.0,2.032,0.0,2.522,0.0,2.861,5.429333333333333,4.0832,3.8275
2017-10-09,0.0,1.958,0.0,2.4570000000000003,0.0,2.82,4.635,3.5458,3.21625
2017-10-23,0.0,1.957,0.0,2.4570000000000003,0.0,2.8529999999999998,4.244166666666667,2.8054,3.15725
2017-11-16,0.0,2.1479999999999997,0.0,2.563,25.033333333333335,2.952,1.615625,1.8113333333333332,1.0246666666666666
2017-11-27,100.0,,100.0,,100.0,,0.499375,0.5776666666666667,0.5035
2017-12-11,100.0,,100.0,,100.0,,0.371875,0.3875,0.37933333333333336
2018-01-15,0.0,2.233,0.0,2.519,0.0,2.849,2.5372222222222223,2.3216666666666668,2.67
2018-01-29,0.0,2.321,23.083333333333332,2.577,42.94,2.9250000000000003,2.08,1.1608333333333334,1.1706
2018-02-12,17.844444444444445,2.67,13.516666666666666,2.854,58.91472868217055,3.04,1.447111111111111,1.0115,0.774
2018-02-26,100.0,,100.0,,100.0,,1.480888888888889,0.635,0.838
2018-03-12,13.633333333333333,3.024,41.41666666666667,3.1649999999999996,50.19815059445178,3.311,1.7914444444444444,1.1191666666666666,0.757
2018-03-26,0.0,2.995,38.56702091189578,3.206,24.10122514561157,3.434,1.791111111111111,0.9723333333333334,0.9958
2018-04-02,34.699999999999996,3.1910000000000003,100.0,,100.0,,1.745,0.66575,0.37383333333333335
2018-04-10,0.0,3.3459999999999996,100.0,,100.0,,1.7802,0.7825,0.49
2018-04-16,0.0,3.4930000000000003,37.53753753753754,3.6839999999999997,49.49053857350801,3.83,2.3054,0.8325,0.5725
2018-04-23,0.0,3.5970000000000004,12.875,3.8890000000000002,43.40277777777778,3.9859999999999998,2.1828,1.02125,0.48
2018-04-30,0.0,3.485,9.2,4.018999999999999,100.0,,3.0306,1.58925,0.49666666666666665
2018-05-07,0.0,3.4389999999999996,0.0,3.9579999999999997,100.0,,3.029,2.655,0.7633333333333333
2018-05-15,0.0,3.451,0.0,3.934,28.92561983471074,4.226,3.0172,2.623,0.5243333333333333
2018-05-21,0.0,3.437,0.0,3.879,33.900000000000006,4.297,3.202,3.515,1.4643333333333333
2018-05-28,0.0,3.3000000000000003,0.0,3.6999999999999997,0.0,4.198,2.76,3.3935,1.7558333333333334
2018-06-04,0.0,3.2960000000000003,0.0,3.6769999999999996,29.349999999999998,4.2459999999999996,2.4492,2.644,1.1415
2018-06-11,0.0,3.3230000000000004,0.0,3.714,43.85,4.324,1.784,1.80775,1.3065
2018-06-18,100.0,,0.0,3.766,27.400000000000002,4.356999999999999,1.304,1.7765,1.4555
2018-06-25,28.299999999999997,3.4840000000000004,38.4,3.873,2.4833333333333334,4.429,1.3436,1.42125,1.3085
2018-07-02,0.0,3.404,39.2,3.9370000000000003,32.85,4.566,3.6095,1.054,1.134
2018-07-09,0.0,3.308,0.0,4.045,26.68333333333333,4.67,3.95,1.2278,1.3418333333333334
2018-07-16,0.0,3.2910000000000004,31.52,4.185,22.05,4.7669999999999995,3.382,1.6172,1.0978333333333334
2018-07-23,0.0,3.2190000000000003,0.0,4.234999999999999,0.0,4.809,2.60775,1.7992,2.2481666666666666
2018-07-30,0.0,3.261,0.0,4.294,0.0,4.9,2.39625,2.6108,2.1961666666666666
2018-08-06,0.0,3.29,0.0,4.186,0.0,4.899,2.83875,3.4632,2.952
2018-08-13,0.0,3.2439999999999998,0.0,4.117,0.0,4.8919999999999995,2.91625,4.182,2.8051666666666666
2018-08-20,0.0,3.2030000000000003,0.0,4.064,0.0,4.869,3.21425,3.6856,2.0596666666666668
2018-08-27,0.0,3.218,0.0,4.07,0.0,4.879,2.03375,2.505,2.5065
2018-09-03,0.0,3.225,0.0,4.101,0.0,4.899,1.55625,2.3202,1.6058333333333332
2018-09-10,38.25,3.549,0.0,4.353,0.0,5.137,1.445,1.615,1.3418333333333334
2018-09-17,100.0,,0.0,4.5969999999999995,34.483333333333334,5.4,1.35875,1.4608,1.3331666666666666
2018-09-24,100.0,,100.0,,100.0,,0.74775,0.915,1.4001666666666666
2018-10-01,100.0,,22.705314009661837,5.206,0.0,5.648000000000001,0.7725,0.828,1.6368333333333334
2018-10-08,0.0,4.404,29.04,5.684,0.0,5.883,1.5215,1.1796,1.3503333333333334
2018-10-15,100.0,,26.96,5.894,43.704824340225244,6.256,1.29,1.3504,0.9915
2018-10-22,0.0,4.952,0.0,6.059,0.0,6.489000000000001,1.82925,1.4686,1.6416666666666666
2018-10-29,0.0,4.979,0.0,6.159,0.0,6.41,1.484,1.5068,2.2525
2018-11-05,0.0,5.077,0.0,6.2330000000000005,0.0,6.506,1.1675,1.8064,1.5406666666666666
2018-11-12,0.0,5.172000000000001,0.0,6.245,0.0,6.521000000000001,1.715,2.0556,1.9171666666666667
2018-11-19,0.0,5.295,0.0,6.279999999999999,0.0,6.529999999999999,1.185,2.3856,2.268666666666667
2018-11-26,100.0,,0.0,6.294,0.0,6.550000000000001,0.78275,3.2406,1.6575
2018-12-03,0.0,5.394,0.0,6.305,0.0,6.507000000000001,1.70125,2.5996,2.63
2018-12-10,0.0,5.35,0.0,6.343999999999999,0.0,6.585000000000001,1.9125,1.705,1.229
2018-12-17,0.0,5.323,100.0,,100.0,,1.64375,1.1768,1.1425
2019-01-07,37.38489871086556,5.411,0.0,6.424,0.0,6.641,0.724,1.5276666666666667,1.981125
2019-01-14,12.594458438287154,5.396,0.0,6.154,0.0,6.253,0.9925,2.8766666666666665,3.9039285714285716
2019-01-21,25.72784810126582,5.418,0.0,5.914,0.0,5.969,0.5266666666666666,2.0061666666666667,4.525875
2019-01-28,24.28104012398829,5.534,0.0,5.892,0.0,5.946,0.9678333333333333,1.9498333333333333,2.468375
2019-02-04,0.0,5.484,0.0,5.867,0.0,5.924,1.8885,1.9048333333333334,1.362125
2019-02-11,0.0,5.55,0.0,5.933,0.0,5.9830000000000005,1.224,1.9281666666666666,1.425375
2019-02-18,26.833333333333332,5.733,0.0,5.978,34.55642121135964,6.052,1.1716666666666666,2.312333333333333,0.99475
2019-03-04,100.0,,34.35,5.975,100.0,,1.4821666666666666,1.9281666666666666,1.4175
2019-03-11,0.0,5.716,0.0,5.936,0.0,6.018,1.1241666666666668,1.9908333333333332,1.635125
2019-03-18,43.56666666666666,5.7860000000000005,17.333333333333336,5.987,36.3,6.051,1.1143333333333334,1.58,1.09575
2019-03-25,42.41666666666667,5.787,42.41666666666667,5.9270000000000005,0.0,6.0440000000000005,1.1008333333333333,1.1008333333333333,1.60225
2019-04-01,0.0,5.635,0.0,5.958,0.0,5.961,2.202,1.3544,1.6933333333333334
2019-04-08,0.0,5.612,44.800000000000004,5.982,27.04987320371936,6.052,2.40025,1.068,0.9858333333333333
2019-04-15,0.0,5.614,34.72,5.987,100.0,,2.39675,1.5638,1.2296666666666667
2019-04-22,0.0,5.608,38.019999999999996,5.9959999999999996,100.0,,2.64825,1.6698,1.2766666666666666
2019-04-29,0.0,5.563,0.0,5.978,33.166666666666664,6.085,2.4625,2.1894,1.41
2019-05-06,0.0,5.438,0.0,5.825,0.0,5.976999999999999,3.931,2.9786,3.4275
2019-05-14,0.0,5.389,0.0,5.768,0.0,5.936,4.9625,3.1576,3.1683333333333334
2019-05-20,0.0,5.258,0.0,5.7,0.0,5.869,4.04,3.5876,2.695
2019-05-27,0.0,5.1499999999999995,0.0,5.59,0.0,5.683,2.6405,2.2836,4.316
2019-06-03,0.0,4.992,0.0,5.4,0.0,5.498,2.305,3.109,4.1375
2019-06-10,0.0,4.555,0.0,4.923,0.0,5.069,1.95,4.0264,4.3213333333333335
2019-06-17,0.0,4.453,0.0,4.856,0.0,5.050000000000001,1.8625,3.576,2.9556666666666667
2019-06-25,0.0,4.385,0.0,4.723,0.0,4.986,2.785,3.37,3.6693333333333333
2019-07-08,0.0,3.8830000000000005,0.0,4.238,0.0,4.736,2.5925,3.83,3.5016666666666665
2019-07-22,0.0,3.769,0.0,4.1000000000000005,0.0,4.519,3.1025,5.132,6.042
2019-08-05,0.0,3.398,0.0,3.6769999999999996,0.0,3.898,3.338,5.5258,7.6915
2019-08-19,0.0,3.254,0.0,3.4709999999999996,0.0,3.636,2.69,2.822,3.4808333333333334
2019-09-02,0.0,3.1489999999999996,0.0,3.4290000000000003,0.0,3.659,2.8375,2.924,2.3801666666666668
2019-09-16,0.0,3.037,0.0,3.42,33.61666666666667,3.666,2.975,2.55,1.7338333333333333
2019-10-07,0.0,2.995,0.0,3.1710000000000003,0.0,3.5770000000000004,1.83125,2.125,2.3793333333333333
2019-10-21,100.0,2.995,0.0,3.174,0.0,3.576,2.70625,2.735,3.6201666666666665
2019-11-04,100.0,2.995,36.666666666666664,3.198,0.0,3.5130000000000003,1.1025,1.6416666666666666,2.978
2019-11-18,0.0,3.168,33.5,3.2489999999999997,0.0,3.501,2.30625,2.1233333333333335,4.155
2019-12-02,0.0,3.1919999999999997,0.0,3.3480000000000003,0.0,3.4750000000000005,1.3075,1.1378333333333333,3.8501666666666665
2020-01-06,0.0,3.179,0.0,3.435,11.200000000000001,3.624,1.6611666666666667,1.38,1.06925
2020-01-14,0.0,3.328,19.166666666666668,3.5869999999999997,18.855218855218855,3.8960000000000004,1.499,1.1333333333333333,0.928125
2020-01-20,0.0,3.39,49.666666666666664,3.6519999999999997,28.9375,3.971,2.3211666666666666,1.3783333333333334,1.413125
2020-01-27,0.0,3.2969999999999997,0.0,3.5970000000000004,0.0,3.963,3.1386666666666665,1.9991666666666668,1.711125
2020-02-03,0.0,3.1870000000000003,0.0,3.5229999999999997,0.0,3.964,3.4911666666666665,2.633166666666667,1.56525
2020-02-10,0.0,3.115,0.0,3.4610000000000003,0.0,3.9079999999999995,3.0675,2.8033333333333332,2.635
2020-02-17,0.0,3.072,0.0,3.42,0.0,3.836,3.633,3.465333333333333,4.469375
2020-02-24,0.0,3.003,0.0,3.3649999999999998,0.0,3.787,3.5993333333333335,3.51,3.52625
2020-03-02,0.0,3.013,0.0,3.324,-40.0,3.6839999999999997,2.1355,2.416333333333333,4.1325
2020-03-09,0.0,3.024,0.0,3.312,0.0,3.588,1.6916666666666667,2.0321666666666665,3.835
2020-03-16,100.0,,0.0,3.398,0.0,3.557,0.8283333333333334,1.875,3.2575
2020-03-23,100.0,,100.0,,100.0,,1.255,0.6866666666666666,0.35625
2020-03-30,100.0,,100.0,,100.0,,0.76,0.812,1.11
2020-04-06,0.0,3.4130000000000003,0.0,3.553,0.0,3.8449999999999998,1.595,2.183,2.162
2020-04-13,0.0,3.4709999999999996,0.0,3.4090000000000003,0.0,3.685,1.548,3.2386,3.7952
2020-04-20,0.0,3.113,0.0,3.2390000000000003,0.0,3.295,4.715714285714285,3.017857142857143,2.5864
2020-04-27,0.0,2.617,0.0,2.831,0.0,3.0540000000000003,4.1618571428571425,1.0,3.4445
2020-05-04,0.0,2.479,0.0,2.625,0.0,2.945,3.5354285714285716,4.772857142857143,4.177
2020-05-11,0.0,2.2689999999999997,0.0,2.374,0.0,2.761,4.4644,3.903,1.0
2020-05-18,0.0,2.09,0.0,2.193,0.0,2.653,4.204857142857143,4.814285714285714,4.0771
2020-05-25,0.0,2.0580000000000003,0.0,2.114,0.0,2.508,3.98,4.12,1.0
2020-06-01,0.0,2.046,0.0,2.118,0.0,2.42,2.4785714285714286,3.11,3.649642857142857
2020-06-08,0.0,2.038,-40.0,2.099,0.0,2.378,3.107285714285714,3.875,3.9214285714285713
2020-06-15,0.0,2.035,0.0,2.101,0.0,2.35,4.0854,3.123,4.5947
2020-06-22,0.0,2.068,0.0,2.1590000000000003,0.0,2.408,3.1808,2.337,4.1283
2020-06-29,0.0,1.746,0.0,1.892,0.0,1.9800000000000002,4.105714285714286,6.4346,5.038428571428572
2020-07-06,0.0,1.649,0.0,1.7500000000000002,0.0,1.855,4.665285714285714,4.9391428571428575,4.9669
2020-07-13,0.0,1.587,0.0,1.687,0.0,1.7819999999999998,4.213,5.42,4.5809
2020-07-20,0.0,1.4540000000000002,0.0,1.625,0.0,1.77,4.6828,3.7704,3.0201
2020-07-27,0.0,1.335,0.0,1.6049999999999998,0.0,1.7579999999999998,4.3582,3.33,2.5957
2020-08-03,0.0,1.221,0.0,1.4540000000000002,0.0,1.7489999999999999,5.102,4.717,2.731
2020-08-10,0.0,1.113,0.0,1.3860000000000001,0.0,1.746,3.387,3.4156,2.6285
2020-08-17,0.0,1.118,0.0,1.388,0.0,1.745,3.5084,3.004,3.0744
2020-08-24,0.0,1.131,0.0,1.407,0.0,1.7510000000000001,2.4356,2.3322,2.6438
2020-08-31,0.0,1.18,0.0,1.421,0.0,1.788,3.0426,3.0526,2.526
2020-09-07,0.0,1.167,0.0,1.518,0.0,1.807,3.8056,2.2016,2.6651
2020-09-14,0.0,1.15,0.0,1.5890000000000002,100.0,,3.759,2.6268,1.4705
2020-09-21,0.0,1.1560000000000001,0.0,1.6150000000000002,0.0,1.8499999999999999,5.3862,2.8014,3.1961
2020-09-28,0.0,1.121,0.0,1.601,0.0,1.8579999999999999,3.797142857142857,3.1366,2.9678
2020-10-05,0.0,1.1159999999999999,0.0,1.6,0.0,1.7999999999999998,3.605,5.8328,4.4459
2020-10-12,0.0,1.088,0.0,1.598,0.0,1.7930000000000001,4.182,4.8572,3.4712
2020-10-19,0.0,1.086,0.0,1.5970000000000002,0.0,1.7930000000000001,4.374,4.3264,2.546
2020-10-26,0.0,1.079,0.0,1.543,0.0,1.791,4.688,5.5152,3.0809
2020-11-02,0.0,1.058,0.0,1.4989999999999999,0.0,1.7590000000000001,4.9974,4.445714285714286,4.062
2020-11-09,0.0,1.024,0.0,1.4529999999999998,0.0,1.745,4.722571428571428,5.364,4.1495
2020-11-16,0.0,1.019,0.0,1.443,0.0,1.745,3.5187142857142857,4.4492,3.353
2020-11-23,0.0,0.9860000000000001,0.0,1.385,0.0,1.695,3.77,4.16,3.377
2020-11-30,0.0,1.006,0.0,1.3860000000000001,0.0,1.693,3.8642,4.082,3.6175
2020-12-07,0.0,1.015,0.0,1.399,0.0,1.695,3.422,3.1166,4.2097
2020-12-14,0.0,1.022,0.0,1.4000000000000001,0.0,1.686,3.2436,2.968,4.4943
2021-01-04,0.0,0.987,0.0,1.369,0.0,1.614,2.773285714285714,3.0242857142857145,4.3055
2021-01-11,0.0,0.9769999999999999,0.0,1.3599999999999999,0.0,1.6049999999999998,4.29,3.1742857142857144,4.3045
2021-01-18,0.0,0.984,0.0,1.348,0.0,1.582,3.552,3.4708571428571426,4.5055
2021-01-25,0.0,0.9690000000000001,0.0,1.323,0.0,1.542,3.466,4.503857142857143,6.3355
2021-02-01,0.0,0.9169999999999999,0.0,1.21,0.0,1.492,2.7942857142857145,4.779428571428571,5.063
2021-02-08,0.0,0.8460000000000001,0.0,1.094,0.0,1.4460000000000002,1.0,4.262,4.3915
2021-02-15,0.0,0.845,0.0,1.046,0.0,1.4160000000000001,2.492857142857143,4.292857142857143,4.111
2021-02-22,0.0,0.8750000000000001,0.0,1.0670000000000002,0.0,1.5270000000000001,2.5226,2.6254,2.4311
2021-03-01,0.0,1.04,0.0,1.226,0.0,1.68,1.519,1.6924,2.4995
2021-03-08,0.0,1.139,0.0,1.316,0.0,1.8519999999999999,2.8934,2.183,1.862
2021-03-15,0.0,1.232,0.0,1.5270000000000001,0.0,1.9900000000000002,2.6916,1.7264,2.034
2021-03-22,0.0,1.336,0.0,1.718,0.0,1.997,2.5144,4.5276,2.8798
2021-03-29,0.0,1.269,0.0,1.609,0.0,1.8950000000000002,3.193857142857143,3.0724285714285715,3.5466
2021-04-05,0.0,1.295,0.0,1.646,0.0,1.9120000000000001,2.53,2.089,3.1771666666666665
2021-04-12,0.0,1.325,0.0,1.695,0.0,1.9029999999999998,2.2064,1.98075,2.3220833333333335
2021-04-19,0.0,1.349,0.0,1.7129999999999999,0.0,1.884,2.97,2.70025,2.933333333333333
2021-04-26,0.0,1.369,0.0,1.714,0.0,1.8800000000000001,3.075,3.280625,2.498
2021-05-03,0.0,1.306,-40.0,1.629,0.0,1.863,3.62,4.759375,3.1554166666666665
2021-05-10,-40.0,1.278,-40.0,1.549,0.0,1.8290000000000002,4.6344,3.928875,3.553
2021-05-17,0.0,1.27,-40.0,1.54,0.0,1.81,3.071,3.138625,3.4691666666666667
2021-05-24,0.0,1.269,0.0,1.541,0.0,1.796,3.3922,2.536,3.21625
2021-05-31,-40.0,1.2349999999999999,-40.0,1.472,-40.0,1.7229999999999999,4.43,5.482,7.5226
2021-06-07,-40.0,1.176,-40.0,1.422,-40.0,1.649,5.2718,5.772,7.46
2021-06-14,-40.0,1.118,0.0,1.3719999999999999,-40.0,1.577,5.6458,6.8074,7.606
2021-06-21,0.0,1.078,0.0,1.348,0.0,1.5630000000000002,3.15,3.7934,3.478142857142857
2021-06-28,0.0,1.031,0.0,1.332,0.0,1.562,3.9498,3.6854,3.078
2021-07-05,0.0,1.044,0.0,1.351,0.0,1.568,3.31,3.2224,3.3322
2021-07-12,0.0,1.068,0.0,1.384,0.0,1.593,2.94,2.9596,2.518
2021-07-19,0.0,1.082,0.0,1.082,0.0,1.629,3.409,3.176,2.563
2021-07-26,0.0,1.05,0.0,1.407,0.0,1.638,3.6654,2.75,2.19
2021-08-02,0.0,1.053,0.0,1.401,0.0,1.6320000000000001,3.2504,3.896,3.0064
2021-08-09,0.0,1.064,0.0,1.407,0.0,1.625,3.44,3.442,4.089
2021-08-16,0.0,1.0659999999999998,0.0,1.407,0.0,1.617,3.4942,3.696,3.465
2021-08-23,0.0,1.077,0.0,1.4080000000000001,0.0,1.6119999999999999,2.9212,3.8042,3.448
2021-08-31,0.0,1.077,0.0,1.405,0.0,1.616,3.1168,4.5292,3.391
2021-09-06,0.0,1.078,0.0,1.405,0.0,1.609,2.8768,4.268,4.237
2021-09-13,0.0,1.079,0.0,1.402,0.0,1.6039999999999999,3.529,5.0624,4.0632
2021-09-20,0.0,1.0699999999999998,0.0,1.389,0.0,1.5970000000000002,4.324,5.294,4.884
2021-09-27,0.0,1.06,0.0,1.385,-40.0,1.582,3.448,4.301,5.024
2021-10-04,0.0,1.085,0.0,1.391,0.0,1.584,2.6026,4.4836,4.185
2021-10-11,0.0,1.095,0.0,1.391,0.0,1.587,2.274,3.6728,3.372
2021-10-18,0.0,1.113,0.0,1.39,0.0,1.6039999999999999,1.736,3.3736,2.108
2021-10-25,0.0,1.119,0.0,1.387,0.0,1.606,1.86,2.8402,2.244
2021-11-02,0.0,1.13,0.0,1.395,0.0,1.6129999999999998,2.6162,2.9872,2.752
2021-11-08,0.0,1.143,0.0,1.401,0.0,1.616,2.9062,3.052,2.545
2021-11-15,0.0,1.15,0.0,1.413,0.0,1.6209999999999998,2.268,2.614,2.716
2021-11-22,0.0,1.1780000000000002,0.0,1.443,0.0,1.628,1.7564,2.172,2.824
2021-11-29,0.0,1.164,0.0,1.4489999999999998,0.0,1.636,5.659,4.661,2.47
2021-12-06,0.0,1.155,0.0,1.443,0.0,1.643,6.65,5.3373333333333335,2.3946
2021-12-14,0.0,1.125,0.0,1.428,0.0,1.649,8.3785,6.453333333333333,3.3282
2022-01-03,0.0,1.075,0.0,1.269,0.0,1.6,4.8288,4.864,4.5178
2022-01-10,0.0,0.9690000000000001,0.0,1.121,0.0,1.468,4.7404,4.996,4.98
2022-01-17,0.0,0.8750000000000001,0.0,1.097,0.0,1.415,5.4998,5.2752,4.76
2022-01-24,0.0,0.6930000000000001,0.0,1.077,0.0,1.41,5.5952,5.5714,4.1064
2022-01-31,0.0,0.6910000000000001,0.0,1.023,0.0,1.4080000000000001,3.4404,4.8,3.7138
2022-02-07,0.0,0.7100000000000001,0.0,1.022,0.0,1.4080000000000001,2.946,4.292,3.512
2022-02-14,0.0,0.8099999999999999,0.0,1.0659999999999998,0.0,1.4749999999999999,2.714,2.958,2.5748
2022-02-21,0.0,0.899,0.0,1.157,0.0,1.568,2.6628,2.298,2.2236
2022-02-28,100.0,,100.0,,100.0,,1.214,1.1304,1.364
2022-03-07,100.0,,100.0,,100.0,,1.522,1.2918,1.433
2022-03-14,39.26,1.3050000000000002,40.0,1.458,38.0,1.7340000000000002,1.7918,1.444,1.434
2022-03-21,2.68,1.536,0.0,1.6070000000000002,19.400000000000002,1.7919999999999998,1.8948,1.748,1.54
2022-03-28,0.0,1.587,0.0,,100.0,0.0,3.5604,1.88,1.7204
2022-04-04,0.0,1.38,0.0,1.781,0.0,1.883,5.87,2.834,2.2144
2022-04-11,0.0,1.25,-40.0,1.555,0.0,1.857,6.5468,5.5,2.204
2022-04-18,-40.0,1.2229999999999999,0.0,1.568,0.0,1.8769999999999998,5.246,3.17,2.3908
2022-04-25,0.0,1.1400000000000001,0.0,1.558,0.0,1.9009999999999998,3.44,2.688,1.0
2022-05-02,0.0,1.272,0.0,1.635,43.35573379579449,1.933,2.1072,1.7164,0.9226
2022-05-10,0.0,1.5310000000000001,100.0,0.0,100.0,0.0,1.8018,1.28,0.915
2022-05-16,100.0,,100.0,0.0,100.0,0.0,2.6608,1.4654,0.58
2022-05-23,0.0,1.675,30.0,1.892,100.0,0.0,4.3258,2.1192,0.864
2022-05-30,0.0,1.46,0.0,1.812,100.0,0.0,4.4682,2.991,1.116
2022-06-06,0.0,1.44,0.0,1.8339999999999999,21.52,2.297,4.158,3.004,1.3688
2022-06-13,0.0,1.572,0.0,1.934,20.0,2.325,2.466,2.27,1.2
2022-06-20,38.6,1.7590000000000001,0.0,2.1319999999999997,23.0,2.4539999999999997,2.257,1.164,1.1
2022-06-27,0.0,1.855,21.0,2.4,0.0,2.63,2.9852,1.1,1.35
2022-07-04,0.0,1.908,0.0,2.608,0.0,2.811,3.7346,1.2752,1.542
2022-07-11,0.0,1.876,18.0,2.907,18.8,2.981,4.9126,1.41,1.022
2022-07-18,0.0,2.323,42.0,3.083,0.0,3.258,3.323,1.7776,1.604
2022-07-25,0.0,2.273,0.0,3.143,25.0,3.356,4.1148,2.424,1.23
2022-08-01,0.0,2.09,0.0,3.1879999999999997,0.0,3.4799999999999995,4.8146,2.588,1.2586
2022-08-08,0.0,1.8499999999999999,0.0,3.211,0.0,3.6350000000000002,3.738,3.433,1.582
2022-08-15,0.0,1.8739999999999999,0.0,3.2259999999999995,0.0,3.712,2.922,3.6012,1.5832
2022-08-22,14.000000000000002,2.07,0.0,3.3360000000000003,45.58,3.782,1.654,1.0,1.4442
2022-08-30,100.0,0.0,100.0,0.0,100.0,0.0,1.2206,1.6504,0.5868
2022-09-05,9.139999999999999,2.318,49.5,3.485,100.0,0.0,1.5846,2.1258,1.0202
2022-09-12,100.0,,0.0,3.634,100.0,0.0,0.93,1.995,0.9712
2022-09-19,100.0,,36.76,3.81,100.0,0.0,1.193,1.4246,0.64
2022-09-27,100.0,,33.0,3.9579999999999997,100.0,,0.92,1.8,0.8128
2022-10-04,100.0,,100.0,,100.0,,1.156,0.956,0.7356
2022-10-10,74.6,3.819,46.1,4.415,100.0,,1.516,1.129,0.6162
2022-10-17,100.0,,100.0,,100.0,,1.52,1.1006,0.64
2022-10-24,49.9,4.22,57.99999999999999,4.65,59.019999999999996,4.875,1.66,1.4932,1.0188
2022-11-02,100.0,,100.0,,100.0,,1.697,0.986,0.534
2022-11-07,57.99999999999999,4.35,50.0,4.8,55.319148936170215,5.0,1.87,1.4914,0.94
2022-11-14,0.0,4.4639999999999995,56.00000000000001,4.838,56.25,5.1,2.74,1.4294,0.64
2022-11-21,0.0,4.375,35.0,4.920999999999999,53.73164353248844,5.142,3.4742,1.422,0.9942
2022-11-28,0.0,4.205,57.99999999999999,4.92,37.3134328358209,5.1499999999999995,5.1974,1.156,0.804
2022-12-05,0.0,4.089,0.0,4.95,100.0,,3.8192,0.42,0.798
2023-01-03,0.0,4.154999999999999,0.0,4.903,21.58968850698174,5.24,2.93,2.19,0.931
2023-01-09,0.0,4.232,0.0,4.9590000000000005,5.0,5.393,2.375,1.836,1.388
2023-01-16,0.0,4.25,0.0,4.967,0.0,5.448,3.2642,3.04,2.874
2023-01-23,0.0,4.211,0.0,4.912,0.0,5.428,4.472,3.816,4.1146
2023-01-30,0.0,4.152,0.0,4.875,0.0,5.354,3.316,3.4,5.654
2023-02-06,0.0,4.186,0.0,4.867,0.0,5.292,1.3512,2.03,4.176
2023-02-13,0.0,4.2299999999999995,0.0,4.949,0.0,5.298,1.7712,1.5552,3.11
2023-02-20,28.999999999999996,4.413,10.0,5.06,0.0,5.455,1.466,2.0,2.5976
2023-02-27,100.0,,0.0,5.177,0.0,5.577,0.824,1.892,1.814
2023-03-06,50.9,4.585999999999999,55.00000000000001,5.378,0.0,5.707,1.0344,1.36,1.6314
2023-03-13,24.38,4.664,18.88,5.437,0.0,5.717,1.2182,1.5632,1.5444
2023-03-20,37.36698836921554,4.9110000000000005,26.0,5.556,11.899999999999999,5.864,0.8082,1.394,1.359
2023-03-27,71.44,5.149,57.49999999999999,5.6770000000000005,0.0,5.987,1.2076,1.127,2.3158
2023-04-03,0.0,5.045,44.0,5.6739999999999995,0.0,5.976999999999999,2.788,2.087,1.963
2023-04-11,8.0,5.314,14.000000000000002,5.7,0.0,5.991,1.3488,1.7156,1.8574
2023-04-17,70.0,5.55,31.0,5.811999999999999,15.5,6.0729999999999995,1.04,1.41,1.515
2023-04-24,40.97803939325334,5.869,35.28,5.992999999999999,5.42,6.209,0.8834,1.2292,1.398
2023-05-02,61.7,6.0,100.0,,0.0,6.247,1.015,1.432,1.9776
2023-05-08,38.800000000000004,5.891,39.4,6.109,0.0,6.211,2.0536,2.628,4.3892
2023-05-15,0.0,5.874,0.0,5.991,0.0,6.0280000000000005,2.9284,2.8542,6.1366
2023-05-22,0.0,5.777,0.0,5.898,0.0,5.945,2.8124,4.016,5.3056
2023-05-29,0.0,5.783,0.0,5.8790000000000004,0.0,5.9479999999999995,2.736,3.306,3.7032
2023-06-05,0.0,5.827,0.0,5.891,0.0,5.9799999999999995,1.3178,2.214,1.9988
2023-06-13,20.14165559982293,5.922000000000001,0.0,5.978,0.0,6.062,0.9036,1.544,1.5622
2023-06-19,34.839999999999996,6.029,41.980000000000004,6.081,47.18,6.166,1.1136,1.3072,1.3002
2023-06-26,0.0,6.085999999999999,40.36144578313253,6.144,47.78,6.219,1.3354,0.996,1.1982
2023-07-03,40.92,6.15,42.33261339092873,6.265999999999999,28.1,6.286,1.3168,0.926,1.241
2023-07-10,0.0,5.973,0.0,6.265999999999999,11.66,6.339,2.2256,1.6656,1.6208
2023-07-17,0.0,5.884,0.0,6.095,0.0,6.226,3.5432,2.862,2.5464
2023-07-25,0.0,5.611,0.0,5.8229999999999995,0.0,6.184,5.955,4.563,2.821
2023-07-31,0.0,5.224,0.0,5.789,0.0,6.21,4.1734,2.6618,2.1854
2023-08-07,28.000000000000004,5.598,0.0,5.99,0.0,6.294,3.5018,2.164,1.9466
2023-08-14,0.0,5.704,23.400000000000002,5.945,32.9,6.325,3.2614,2.672,2.2076
2023-08-22,0.0,5.671,0.0,5.986,0.0,6.334,3.6328,2.189,2.7764
2023-08-29,0.0,5.573,0.0,5.992999999999999,0.0,6.297,3.725,2.692,3.408
2023-09-04,0.0,5.552,0.0,5.966,0.0,6.198,2.6484,3.0086,3.855
2023-09-11,0.0,5.575,0.0,5.96,0.0,6.1899999999999995,2.943,3.1966,4.2232
2023-09-18,0.0,5.552,0.0,5.939,0.0,6.0729999999999995,3.274,3.5584,4.3006
2023-09-25,0.0,5.595,0.0,5.968,0.0,6.119,2.009,3.256,2.7394
2023-10-02,0.0,5.698,0.0,6.023,41.68,6.215,2.002,6.6242,1.6916
2023-10-09,4.24,5.806,11.799999999999999,6.115,33.6,6.305,1.3796,1.5292,1.604
2023-10-16,27.26,5.99,33.800000000000004,6.207,0.0,6.388000000000001,1.0274,1.304,1.5428
2023-10-23,0.0,6.149,14.799999999999999,6.329999999999999,0.0,6.479,1.5608,1.092,2.019
2023-10-31,0.0,6.343,21.0,6.462,24.0,6.5920000000000005,1.5672,1.282,1.539
2023-11-06,0.0,6.351999999999999,10.0,6.5360000000000005,25.6,6.590999999999999,2.958,1.4352,2.07
2023-11-13,0.0,6.123,0.0,6.512999999999999,0.0,6.5600000000000005,4.0266,2.1464,3.1152
2023-11-28,0.0,4.753,0.0,5.181,0.0,5.727,8.538333333333334,7.46,6.055
2023-12-04,-40.0,4.9959999999999996,16.666666666666664,5.267,25.374999999999996,5.732,5.1706666666666665,3.0866666666666664,2.49
2024-01-02,0.0,5.140000000000001,-40.0,5.578,0.0,5.829,2.672,2.872,2.445
2024-01-08,-40.0,5.102,-40.0,5.582,0.0,5.973,3.672,3.382,2.321
2024-01-15,0.0,5.226,0.0,5.685,0.0,5.9990000000000006,2.7504,2.612,3.2752
2024-01-22,0.0,5.306,0.0,5.766,0.0,6.037,2.388,2.194,2.415
2024-01-29,0.0,5.398,0.0,5.81,0.0,6.0760000000000005,1.252,2.474,2.8614
2024-02-05,0.0,5.461,0.0,5.861000000000001,0.0,6.075,2.597,2.788,4.116
2024-02-12,-14.399999999999999,5.506,0.0,5.8790000000000004,0.0,6.064,2.144,3.158,3.2545714285714284
2024-02-19,10.0,5.592,0.0,5.9270000000000005,0.0,6.079,1.2144,2.052,2.8224
2024-02-26,0.0,5.71,4.0,5.971,0.0,6.085,1.623,2.482,3.048
2024-03-04,0.0,5.778,0.0,5.995,0.0,6.1,1.8856,2.662,2.832
2024-03-11,0.0,5.772,0.0,5.966,0.0,6.087,2.711,3.5262,3.9044
2024-03-18,0.0,5.744,0.0,5.9159999999999995,0.0,6.033,2.842,2.534,4.073
2024-03-25,0.0,5.71,0.0,5.88,0.0,5.982,3.08,3.1542,3.867
2024-04-01,0.0,5.704,0.0,5.865,0.0,5.965,2.5856,3.252,2.6517142857142857
2024-04-08,0.0,5.772,0.0,5.885,0.0,5.9830000000000005,2.0666,3.0072,2.914
2024-04-15,0.0,5.87,0.0,5.973,0.0,6.0440000000000005,2.1878,2.7264,3.052
2024-04-22,0.0,5.888,0.0,6.002,0.0,6.08,2.62,3.196,3.152
2024-04-29,0.0,5.869,0.0,5.988,0.0,6.081,3.232,3.718,3.2908
2024-05-06,0.0,5.779999999999999,0.0,5.93,0.0,6.056,3.8074,3.262,3.52
2024-05-13,0.0,5.727,0.0,5.893000000000001,-40.0,6.037,4.2824,3.982,3.7038
2024-05-20,0.0,5.712,0.0,5.864,0.0,6.007,3.821,3.872,4.176
2024-05-27,0.0,5.718999999999999,0.0,5.886,0.0,6.043,3.05,2.232,2.377
2024-06-03,0.0,5.698,0.0,5.904,0.0,6.046,3.8132,2.382,2.6
2024-06-11,0.0,5.667,0.0,5.908,0.0,6.039,3.472,2.512,2.493
