Date,ISIN,Maturity Date,91-day Rejection Rate,91-day Wair,182-day Rejection Rate,182-day Wair,364-day Rejection Rate,364-day Wair,91-day Volume awarded,182-day Volume awarded,364-day Volume awarded,91-day Tenders per tenor,182-day Tenders per tenor,364-day Tenders per Tenor,91-day Total offers,182-day Total Offers,364-day Total offers,91-day Bid-to-cover,182-day Bid-to-cover,364-day Bid-to-cover
2014-01-06, PIBL0613J042,2014-04-10,11.625,0.6930000000000001,0,,33.261802575107296,1.079,3535,0,3110,5095.0,3313.0,4660.0,4000.0,6000.0,10000.0,1.27375,0.5521666666666667,0.466
2014-02-03,PIBL1213E056,2014-05-07,0,1.458,100,,100,,4000,0,0,15886.0,3900.0,4100.0,4000.0,6000.0,10000.0,3.9715,0.65,0.41
2014-03-03,PIBL1213F062,2014-06-04,0,1.0,0,1.4000000000000001,56.00000000000001,1.865,4000,6000,4400,21310.0,16540.0,12100.0,4000.0,6000.0,10000.0,5.3275,2.756666666666667,1.21
2014-04-07,PIBL0614A012,2014-07-09,0,1.44,0,1.696,0,1.9720000000000002,8000,6000,6000,11920.0,8650.0,8380.0,8000.0,6000.0,6000.0,1.49,1.4416666666666667,1.3966666666666667
2014-05-05,PIBL1213H088,2014-08-06,0,1.346,100,,100,,8000,0,0,20407.0,10160.0,12005.0,8000.0,6000.0,6000.0,2.550875,1.6933333333333334,2.0008333333333335
2014-06-02,PIBL1213I096,2014-09-03,0,1.035,0,1.481,0,1.754,8000,6000,6000,29286.0,16210.0,16910.0,8000.0,6000.0,6000.0,3.66075,2.7016666666666667,2.8183333333333334
2014-07-07,PIBL1213J102,2014-10-08,0,1.157,0,1.513,0,1.718,8000,6000,6000,22920.0,15000.0,19172.0,8000.0,6000.0,6000.0,2.865,2.5,3.195333333333333
2014-08-04,PIBL1213K119,2014-11-05,0,1.373,100,,39.0,1.8689999999999998,8000,0,3660,22392.0,11300.0,12080.0,8000.0,6000.0,6000.0,2.799,1.8833333333333333,2.013333333333333
2014-09-01,PIBL0614F026,2014-12-03,0,1.244,0,1.6500000000000001,0,1.864,8000,6000,6000,25542.0,15600.0,22685.0,8000.0,6000.0,6000.0,3.19275,2.6,3.7808333333333333
2014-10-07,PIBL1214A010,2015-01-07,0,1.1440000000000001,0,1.6760000000000002,0,1.87,8000,6000,6000,23761.0,16512.0,19659.0,8000.0,6000.0,6000.0,2.970125,2.752,3.2765
2014-11-03,PIBL0314K018,2015-02-04,0,1.298,0,1.654,0,1.7680000000000002,8000,6000,6000,17524.0,17210.0,23695.0,8000.0,6000.0,6000.0,2.1905,2.868333333333333,3.9491666666666667
2014-12-01,PIBL1214C036,2015-03-04,0,1.4160000000000001,0,1.771,0,1.836,8000,6000,6000,10915.0,12665.0,12400.0,8000.0,6000.0,6000.0,1.364375,2.1108333333333333,2.066666666666667
2015-01-05,PIBL1214D044,2015-04-08,100,,100,,100,,0,0,0,6000.0,8950.0,7200.0,8000.0,6000.0,6000.0,0.75,1.4916666666666667,1.2
2015-02-02,PIBL0614K048,2015-05-06,0,1.541,0,1.7579999999999998,0,1.947,8000,6000,6000,25897.0,13610.0,8595.0,8000.0,6000.0,6000.0,3.237125,2.2683333333333335,1.4325
2015-03-02,PIBL1214F060,2015-06-03,0,1.397,0,1.699,0,1.9480000000000002,8000,6000,6000,28289.0,19850.0,12750.0,8000.0,6000.0,6000.0,3.536125,3.308333333333333,2.125
2015-04-06,PIBL1214G078,2015-07-08,0,1.6549999999999998,37.5,1.918,54.833333333333336,2.0,8000,3750,2710,19607.0,10850.0,8510.0,8000.0,6000.0,6000.0,2.450875,1.8083333333333333,1.4183333333333332
2015-05-04,PIBL1214H086,2015-08-05,25.0,2.049,16.666666666666664,2.252,45.50408719346049,2.431,6000,5000,2000,8725.0,8750.0,3670.0,8000.0,6000.0,6000.0,1.090625,1.4583333333333333,0.6116666666666667
2015-06-01,PIBL1214I094,2015-09-02,0,2.1420000000000003,0,2.35,70.03560126582279,2.512,8000,6000,1515,18320.0,10933.0,5056.0,8000.0,6000.0,6000.0,2.29,1.8221666666666667,0.8426666666666667
2015-07-06,PIBL1214J100,2015-10-07,0,2.078,0,2.333,50.916666666666664,2.552,8000,6000,2945,26945.0,16500.0,6445.0,8000.0,6000.0,6000.0,3.368125,2.75,1.0741666666666667
2015-08-03,PIBL1214K117,2015-11-04,0,1.999,0,2.183,0,2.306,8000,6000,6000,29067.0,16030.0,13550.0,8000.0,6000.0,6000.0,3.633375,2.671666666666667,2.2583333333333333
2015-09-07,PIBL0315I018,2015-12-09,0,1.505,0,1.526,0,1.921,8000,6000,6000,17410.0,25913.0,9463.0,8000.0,6000.0,6000.0,2.17625,4.318833333333333,1.5771666666666666
2015-10-05,PIBL0615G013,2016-01-06,44.875,1.4909999999999999,0,1.5070000000000001,0,1.8780000000000001,4410,6000,6000,12415.0,12990.0,11727.0,8000.0,6000.0,6000.0,1.551875,2.165,1.9545
2015-11-02,PIBL1215B025,2016-02-03,14.0875,1.773,17.516666666666666,1.806,,,6873,4949,0,9543.0,9999.0,9346.0,8000.0,6000.0,6000.0,1.192875,1.6665,1.5576666666666668
2015-12-07,PIBL0615I020,2016-03-09,46.9375,1.836,31.333333333333336,1.8429999999999997,65.0,1.952,4245,4120,2100,10255.0,8320.0,6100.0,8000.0,6000.0,6000.0,1.281875,1.3866666666666667,1.0166666666666666
2016-01-18,PIBL0316A014,2016-04-20,0,1.6840000000000002,0,1.6420000000000001,0,1.7399999999999998,8000,6000,6000,16262.0,16755.0,10605.0,8000.0,6000.0,6000.0,2.03275,2.7925,1.7675
2016-02-22,PIBL0316B022,2016-05-25,0,1.513,0,1.508,0,1.678,8000,6000,6000,25970.0,16350.0,9660.0,8000.0,6000.0,6000.0,3.24625,2.725,1.61
2016-03-14,PIBL0316C030,2016-06-15,0,1.469,0,1.5890000000000002,0,1.7500000000000002,8000,6000,6000,23230.0,8340.0,8150.0,8000.0,6000.0,6000.0,2.90375,1.39,1.3583333333333334
2016-04-04,PIBL1215G076,2016-07-06,0,1.551,56.481481481481474,1.7579999999999998,0,1.779,8000,2350,6000,14310.0,5400.0,8020.0,8000.0,6000.0,6000.0,1.78875,0.9,1.3366666666666667
2016-05-02,PIBL1215H083,2016-08-03,27.474999999999998,1.6740000000000002,0,1.6500000000000001,0,1.8659999999999999,5802,6000,6000,9522.0,12960.0,10690.0,8000.0,6000.0,6000.0,1.19025,2.16,1.7816666666666667
2016-06-06,PIBL1215I091,2016-09-07,0,1.5879999999999999,0,1.617,0,1.925,8000,6000,6000,17586.0,12176.0,8290.0,8000.0,6000.0,6000.0,2.19825,2.029333333333333,1.3816666666666666
2016-07-18,PIBL0316G045,2016-10-19,0,1.447,0,1.442,0,1.63,8000,6000,6000,15860.0,18340.0,12890.0,8000.0,6000.0,6000.0,1.9825,3.0566666666666666,2.1483333333333334
2016-08-10,PIBL0316H053,2016-11-09,0,1.4789999999999999,0,1.474,0,1.7239999999999998,8000,6000,6000,17843.0,17040.0,11285.0,8000.0,6000.0,6000.0,2.230375,2.84,1.8808333333333334
2016-09-26,PIBL0316I061,2016-12-28,0,1.321,0,1.439,0,1.683,8000,6000,6000,21128.0,15900.0,15451.0,8000.0,6000.0,6000.0,2.641,2.65,2.5751666666666666
2016-10-17,PIBL1216A015,2017-01-18,0,1.281,0,1.505,34.833333333333336,1.8800000000000001,8000,6000,3910,16310.0,9800.0,6710.0,8000.0,6000.0,6000.0,2.03875,1.6333333333333333,1.1183333333333334
2016-11-14,PIBL0316K077,2017-02-15,0,1.484,26.666666666666668,1.809,100,,8000,4400,0,16320.0,6800.0,4460.0,8000.0,6000.0,6000.0,2.04,1.1333333333333333,0.7433333333333333
2016-12-05,PIBL0316L085,2017-03-08,0,1.555,41.39517056343426,1.876,100,,8000,3058,0,11210.0,5218.0,3550.0,8000.0,6000.0,6000.0,1.40125,0.8696666666666667,0.5916666666666667
2017-01-16,PIBL0616J02,2017-04-19,14.942528735632186,1.7999999999999998,9.656652360515022,2.037,60.40268456375839,2.276,3700,4210,1180,4350.0,4660.0,2980.0,6000.0,5000.0,4000.0,0.725,0.932,0.745
2017-01-31,PIBL1216E057,2017-05-03,0,1.9980000000000002,21.3,2.252,61.13164628945123,2.571,6000,3935,1367,8860.0,5685.0,3517.0,6000.0,5000.0,4000.0,1.4766666666666666,1.137,0.87925
2017-02-13,PIBL0616K089,2017-05-01,28.416666666666668,2.252,28.599999999999998,2.467,-158.27586206896552,2.766,4295,3570,3745,8655.0,5020.0,1450.0,6000.0,5000.0,4000.0,1.4425,1.004,0.3625
2017-02-27,PIBL0317C010,2017-05-31,0,2.36,51.4,2.587,0,2.763,6000,2430,4000,8570.0,5130.0,9405.0,6000.0,5000.0,4000.0,1.4283333333333332,1.026,2.35125
2017-03-13,PIBL0317C029,2017-06-14,0,2.374,0,2.606,0,2.799,6000,5000,4000,17443.0,11235.0,6665.0,6000.0,5000.0,4000.0,2.9071666666666665,2.247,1.66625
2017-04-10,PIBL0317D037,2017-07-12,0,2.394,0,2.608,21.25,2.945,6000,5000,3150,18530.0,10420.0,5300.0,6000.0,5000.0,4000.0,3.0883333333333334,2.084,1.325
2017-04-24,PIBL0317D046,2017-07-26,0,2.299,0,2.638,0,2.989,6000,5000,4000,21155.0,9032.0,6415.0,6000.0,5000.0,4000.0,3.5258333333333334,1.8064,1.60375
2017-05-08,PIBL1216H081,2017-08-09,0,2.205,0,2.6020000000000003,0,2.9659999999999997,6000,5000,4000,17513.0,7501.0,9495.0,6000.0,5000.0,4000.0,2.918833333333333,1.5002,2.37375
2017-05-22,PIBL0317E054,2017-08-23,0,2.1479999999999997,0,2.494,0,2.835,6000,5000,4000,23946.0,13945.0,17225.0,6000.0,5000.0,4000.0,3.991,2.789,4.30625
2017-06-05,PIBL0317F062,2017-09-06,0,2.103,0,2.456,0,2.85,6000,5000,4000,25080.0,14677.0,12069.0,6000.0,5000.0,4000.0,4.18,2.9354,3.01725
2017-06-19,PIBL0317F071,2017-09-20,0,2.084,0,2.421,0,2.875,6000,5000,4000,21679.0,18902.0,12376.0,6000.0,5000.0,4000.0,3.613166666666667,3.7804,3.094
2017-07-03,PIBL0317G089,2017-10-04,0,2.1260000000000003,17.380000000000003,2.496,40.75,2.926,6000,4131,2370,12005.0,5631.0,6902.0,6000.0,5000.0,4000.0,2.0008333333333335,1.1262,1.7255
2017-07-17,PIBL1216J105,2017-10-18,31.216666666666665,2.189,100,,9.75,2.995,4127,0,3610,9162.0,3550.0,5930.0,6000.0,5000.0,4000.0,1.527,0.71,1.4825
2017-07-31,PIBL0317H097,2017-11-02,0,2.176,0,2.529,0,2.972,6000,5000,4000,15801.0,7940.0,8178.0,6000.0,5000.0,4000.0,2.6335,1.588,2.0445
2017-08-14,PIBL0317H104,2017-11-15,0,2.161,0,2.577,0,2.946,6000,5000,4000,16196.0,6179.0,9917.0,6000.0,5000.0,4000.0,2.699333333333333,1.2358,2.47925
2017-08-29,PIBL0317H113,2017-11-29,0,2.1430000000000002,0,2.5919999999999996,0,2.935,6000,5000,4000,20867.0,11610.0,11229.0,6000.0,5000.0,4000.0,3.4778333333333333,2.322,2.80725
2017-09-11,PIBL0317I121,2017-12-13,0,2.088,0,2.564,0,2.92,6000,5000,4000,29429.0,11035.0,11790.0,6000.0,5000.0,4000.0,4.904833333333333,2.207,2.9475
2017-09-25,PIBL0317I130,2017-12-27,0,2.032,0,2.522,0,2.861,6000,5000,4000,32576.0,20416.0,15310.0,6000.0,5000.0,4000.0,5.429333333333333,4.0832,3.8275
2017-10-09,PIBL0317J148,2018-01-10,0,1.958,0,2.4570000000000003,0,2.82,6000,5000,4000,27810.0,17729.0,12865.0,6000.0,5000.0,4000.0,4.635,3.5458,3.21625
2017-10-23,PIBL0317J157,2018-01-24,0,1.957,0,2.4570000000000003,0,2.8529999999999998,6000,5000,4000,25465.0,14027.0,12629.0,6000.0,5000.0,4000.0,4.244166666666667,2.8054,3.15725
2017-11-16,PIBL1217B030,2018-02-14,0,2.1479999999999997,0,2.563,25.033333333333335,2.952,8000,6000,4498,12925.0,10868.0,6148.0,8000.0,6000.0,6000.0,1.615625,1.8113333333333332,1.0246666666666666
2017-11-27,PIBL1217C048,2018-02-28,100,,100,,100,,0,0,0,3995.0,3466.0,3021.0,8000.0,6000.0,6000.0,0.499375,0.5776666666666667,0.5035
2017-12-11,PIBL1217C056,2018-03-14,100,,100,,100,,0,0,0,2975.0,2325.0,2276.0,8000.0,6000.0,6000.0,0.371875,0.3875,0.37933333333333336
2018-01-15,PIBL0318A010,2018-04-18,0,2.233,0,2.519,0,2.849,9000,6000,5000,22835.0,13930.0,13350.0,9000.0,6000.0,5000.0,2.5372222222222223,2.3216666666666668,2.67
2018-01-29,PIBL0318A029,2018-05-02,0,2.321,23.083333333333332,2.577,42.94,2.9250000000000003,9000,4615,2853,18720.0,6965.0,5853.0,9000.0,6000.0,5000.0,2.08,1.1608333333333334,1.1706
2018-02-12,PIBL0617K130,2018-05-16,17.844444444444445,2.67,13.516666666666666,2.854,58.91472868217055,3.04,7394,5189,1590,13024.0,6069.0,3870.0,9000.0,6000.0,5000.0,1.447111111111111,1.0115,0.774
2018-02-26,PIBL0318B037,2018-05-30,100,,100,,100,,0,0,0,13328.0,3810.0,4190.0,9000.0,6000.0,5000.0,1.480888888888889,0.635,0.838
2018-03-12,PIBL0318C045,2018-06-13,13.633333333333333,3.024,41.41666666666667,3.1649999999999996,50.19815059445178,3.311,7773,3515,1885,16123.0,6715.0,3785.0,9000.0,6000.0,5000.0,1.7914444444444444,1.1191666666666666,0.757
2018-03-26,PIBL0318C054,2018-06-27,0,2.995,38.56702091189578,3.206,24.10122514561157,3.434,9000,3584,3779,16120.0,5834.0,4979.0,9000.0,6000.0,5000.0,1.791111111111111,0.9723333333333334,0.9958
2018-04-02,PIBL1217G124,2018-07-04,34.699999999999996,3.1910000000000003,100,,100,,3265,0,0,8725.0,2663.0,2243.0,5000.0,4000.0,6000.0,1.745,0.66575,0.37383333333333335
2018-04-10,PIBL0318D062,2018-01-11,0,3.3459999999999996,100,,100,,5000,0,0,8901.0,3130.0,2940.0,5000.0,4000.0,6000.0,1.7802,0.7825,0.49
2018-04-16,PIBL1217G133,2018-07-18,0,3.4930000000000003,37.53753753753754,3.6839999999999997,49.49053857350801,3.83,5000,2080,1735,11527.0,3330.0,3435.0,5000.0,4000.0,6000.0,2.3054,0.8325,0.5725
2018-04-23,PIBL0318D071,2018-07-25,0,3.5970000000000004,12.875,3.8890000000000002,43.40277777777778,3.9859999999999998,5000,3485,1630,10914.0,4085.0,2880.0,5000.0,4000.0,6000.0,2.1828,1.02125,0.48
2018-04-30,PIBL1217H141,2018-08-01,0,3.485,9.2,4.018999999999999,100,,5000,3632,0,15153.0,6357.0,2980.0,5000.0,4000.0,6000.0,3.0306,1.58925,0.49666666666666665
2018-05-07,PIBL0318E089,2018-08-08,0,3.4389999999999996,0,3.9579999999999997,100,,5000,4000,0,15145.0,10620.0,4580.0,5000.0,4000.0,6000.0,3.029,2.655,0.7633333333333333
2018-05-15,PIBL1217H150,2018-08-15,0,3.451,0,3.934,28.92561983471074,4.226,5000,4000,2236,15086.0,10492.0,3146.0,5000.0,4000.0,6000.0,3.0172,2.623,0.5243333333333333
2018-05-21,PIBL0318E096,2018-08-22,0,3.437,0,3.879,33.900000000000006,4.297,5000,4000,3966,16010.0,14060.0,8786.0,5000.0,4000.0,6000.0,3.202,3.515,1.4643333333333333
2018-05-28,PIBL1217H169,2018-08-29,0,3.3000000000000003,0,3.6999999999999997,0,4.198,5000,4000,6000,13800.0,13574.0,10535.0,5000.0,4000.0,6000.0,2.76,3.3935,1.7558333333333334
2018-06-04,PIBL0318F104,2018-09-05,0,3.2960000000000003,0,3.6769999999999996,29.349999999999998,4.2459999999999996,5000,4000,4239,12246.0,10576.0,6849.0,5000.0,4000.0,6000.0,2.4492,2.644,1.1415
2018-06-11,PIBL1217I172,2018-09-12,0,3.3230000000000004,0,3.714,43.85,4.324,5000,4000,3369,8920.0,7231.0,7839.0,5000.0,4000.0,6000.0,1.784,1.80775,1.3065
2018-06-18,PIBL0318F113,2018-09-19,100,,0,3.766,27.400000000000002,4.356999999999999,0,4000,4356,6520.0,7106.0,8733.0,5000.0,4000.0,6000.0,1.304,1.7765,1.4555
2018-06-25,PIBL1217I186,2018-09-26,28.299999999999997,3.4840000000000004,38.4,3.873,2.4833333333333334,4.429,3585,2464,5851,6718.0,5685.0,7851.0,5000.0,4000.0,6000.0,1.3436,1.42125,1.3085
2018-07-02,PIBL0318G121,2018-10-03,0,3.404,39.2,3.9370000000000003,32.85,4.566,4000,3040,4029,14438.0,5270.0,6804.0,4000.0,5000.0,6000.0,3.6095,1.054,1.134
2018-07-09,PIBL1217J194,2018-10-10,0,3.308,0,4.045,26.68333333333333,4.67,4000,5000,4399,15800.0,6139.0,8051.0,4000.0,5000.0,6000.0,3.95,1.2278,1.3418333333333334
2018-07-16,PIBL0618D029,2018-10-17,0,3.2910000000000004,31.52,4.185,22.05,4.7669999999999995,4000,3424,4677,13528.0,8086.0,6587.0,4000.0,5000.0,6000.0,3.382,1.6172,1.0978333333333334
2018-07-23,PIBL1217J201,2018-10-24,0,3.2190000000000003,0,4.234999999999999,0,4.809,4000,5000,6000,10431.0,8996.0,13489.0,4000.0,5000.0,6000.0,2.60775,1.7992,2.2481666666666666
2018-07-30,PIBL0618E037,2018-10-31,0,3.261,0,4.294,0,4.9,4000,5000,6000,9585.0,13054.0,13177.0,4000.0,5000.0,6000.0,2.39625,2.6108,2.1961666666666666
2018-08-06,PIBL0618E046,2018-11-07,0,3.29,0,4.186,0,4.899,4000,5000,6000,11355.0,17316.0,17712.0,4000.0,5000.0,6000.0,2.83875,3.4632,2.952
2018-08-13,PIBL1217K218,2018-11-14,0,3.2439999999999998,0,4.117,0,4.8919999999999995,4000,5000,6000,11665.0,20910.0,16831.0,4000.0,5000.0,6000.0,2.91625,4.182,2.8051666666666666
2018-08-20,PIBL0618E053,2018-11-21,0,3.2030000000000003,0,4.064,0,4.869,4000,5000,6000,12857.0,18428.0,12358.0,4000.0,5000.0,6000.0,3.21425,3.6856,2.0596666666666668
2018-08-27,PIBL1217K227,2018-11-28,0,3.218,0,4.07,0,4.879,4000,5000,6000,8135.0,12525.0,15039.0,4000.0,5000.0,6000.0,2.03375,2.505,2.5065
2018-09-03,PIBL0618F063,2018-12-05,0,3.225,0,4.101,0,4.899,4000,5000,6000,6225.0,11601.0,9635.0,4000.0,5000.0,6000.0,1.55625,2.3202,1.6058333333333332
2018-09-10,PIBL0618F072,2018-12-12,38.25,3.549,0,4.353,0,5.137,2470,5000,6000,5780.0,8075.0,8051.0,4000.0,5000.0,6000.0,1.445,1.615,1.3418333333333334
2018-09-17,PIBL0618F081,2018-12-19,100,,0,4.5969999999999995,34.483333333333334,5.4,0,5000,3931,5435.0,7304.0,7999.0,4000.0,5000.0,6000.0,1.35875,1.4608,1.3331666666666666
2018-09-24,PIBL0618F090,2018-12-26,100,,100,,100,,0,0,0,2991.0,4575.0,8401.0,4000.0,5000.0,6000.0,0.74775,0.915,1.4001666666666666
2018-10-01,PIBL0618G106,2019-01-02,100,,22.705314009661837,5.206,0,5.648000000000001,0,3200,6000,3090.0,4140.0,9821.0,4000.0,5000.0,6000.0,0.7725,0.828,1.6368333333333334
2018-10-08,PIBL0618G115,2019-01-09,0,4.404,29.04,5.684,0,5.883,4000,3548,6000,6086.0,5898.0,8102.0,4000.0,5000.0,6000.0,1.5215,1.1796,1.3503333333333334
2018-10-15,PIBL1218A011,2019-01-16,100,,26.96,5.894,43.704824340225244,6.256,0,3652,3349,5160.0,6752.0,5949.0,4000.0,5000.0,6000.0,1.29,1.3504,0.9915
2018-10-22,PIBL0618G124,2019-01-23,0,4.952,0,6.059,0,6.489000000000001,4000,5000,6000,7317.0,7343.0,9850.0,4000.0,5000.0,6000.0,1.82925,1.4686,1.6416666666666666
2018-10-29,PIBL1218A020,2019-01-30,0,4.979,0,6.159,0,6.41,4000,5000,6000,5936.0,7534.0,13515.0,4000.0,5000.0,6000.0,1.484,1.5068,2.2525
2018-11-05,PIBL0618H132,2019-02-06,0,5.077,0,6.2330000000000005,0,6.506,4000,5000,6000,4670.0,9032.0,9244.0,4000.0,5000.0,6000.0,1.1675,1.8064,1.5406666666666666
2018-11-12,PIBL1218B038,2019-02-13,0,5.172000000000001,0,6.245,0,6.521000000000001,4000,5000,6000,6860.0,10278.0,11503.0,4000.0,5000.0,6000.0,1.715,2.0556,1.9171666666666667
2018-11-19,PIBL0618H141,2019-02-20,0,5.295,0,6.279999999999999,0,6.529999999999999,4000,5000,6000,4740.0,11928.0,13612.0,4000.0,5000.0,6000.0,1.185,2.3856,2.268666666666667
2018-11-26,PIBL0618H150,2019-02-27,100,,0,6.294,0,6.550000000000001,0,5000,6000,3131.0,16203.0,9945.0,4000.0,5000.0,6000.0,0.78275,3.2406,1.6575
2018-12-03,PIBL0618I168,2019-03-06,0,5.394,0,6.305,0,6.507000000000001,4000,5000,6000,6805.0,12998.0,15780.0,4000.0,5000.0,6000.0,1.70125,2.5996,2.63
2018-12-10,PIBL1218C056,2019-03-13,0,5.35,0,6.343999999999999,0,6.585000000000001,4000,5000,6000,7650.0,8525.0,7374.0,4000.0,5000.0,6000.0,1.9125,1.705,1.229
2018-12-17,PIBL0618I177,2019-03-20,0,5.323,100,,100,,4000,0,0,6575.0,5884.0,6855.0,4000.0,5000.0,6000.0,1.64375,1.1768,1.1425
2019-01-07,PIBL0618J194,2019-04-10,37.38489871086556,5.411,0,6.424,0,6.641,2720,6000,8000,4344.0,9166.0,15849.0,6000.0,6000.0,8000.0,0.724,1.5276666666666667,1.981125
2019-01-14,PIBL1218D090,2019-04-17,12.594458438287154,5.396,0,6.154,0,6.253,5205,6000,11200,5955.0,17260.0,43724.0,6000.0,6000.0,11200.0,0.9925,2.8766666666666665,3.9039285714285716
2019-01-21,PIBL1218D107,2019-04-24,25.72784810126582,5.418,0,5.914,0,5.969,2347,6000,8000,3160.0,12037.0,36207.0,6000.0,6000.0,8000.0,0.5266666666666666,2.0061666666666667,4.525875
2019-01-28,PIBL0618J201,2019-04-30,24.28104012398829,5.534,0,5.892,0,5.946,4397,6000,8000,5807.0,11699.0,19747.0,6000.0,6000.0,8000.0,0.9678333333333333,1.9498333333333333,2.468375
2019-02-04,PIBL0618K218,2019-05-08,0,5.484,0,5.867,0,5.924,6000,6000,8000,11331.0,11429.0,10897.0,6000.0,6000.0,8000.0,1.8885,1.9048333333333334,1.362125
2019-02-11,PIBL1218E132,2019-05-15,0,5.55,0,5.933,0,5.9830000000000005,6000,6000,8000,7344.0,11569.0,11403.0,6000.0,6000.0,8000.0,1.224,1.9281666666666666,1.425375
2019-02-18,PIBL1218E142,2019-05-22,26.833333333333332,5.733,0,5.978,34.55642121135964,6.052,4390,6000,5208,7030.0,13874.0,7958.0,6000.0,6000.0,8000.0,1.1716666666666666,2.312333333333333,0.99475
2019-03-04,PIBL1218F169,2019-06-05,100,,34.35,5.975,100,,0,3939,0,8893.0,11569.0,11340.0,6000.0,6000.0,8000.0,1.4821666666666666,1.9281666666666666,1.4175
2019-03-11,PIBL1218F178,2019-06-11,0,5.716,0,5.936,0,6.018,6000,6000,8000,6745.0,11945.0,13081.0,6000.0,6000.0,8000.0,1.1241666666666668,1.9908333333333332,1.635125
2019-03-18,PIBL1218F188,2019-06-19,43.56666666666666,5.7860000000000005,17.333333333333336,5.987,36.3,6.051,3386,4960,5096,6686.0,9480.0,8766.0,6000.0,6000.0,8000.0,1.1143333333333334,1.58,1.09575
2019-03-25,PIBL1218F196,2019-06-26,42.41666666666667,5.787,42.41666666666667,5.9270000000000005,0,6.0440000000000005,3455,3455,8000,6605.0,6605.0,12818.0,6000.0,6000.0,8000.0,1.1008333333333333,1.1008333333333333,1.60225
2019-04-01,PIBL1218G202,2019-07-03,0,5.635,0,5.958,0,5.961,4000,5000,6000,8808.0,6772.0,10160.0,4000.0,5000.0,6000.0,2.202,1.3544,1.6933333333333334
2019-04-08,PIBL1218G211,2019-07-10,0,5.612,44.800000000000004,5.982,27.04987320371936,6.052,4000,2760,4315,9601.0,5340.0,5915.0,4000.0,5000.0,6000.0,2.40025,1.068,0.9858333333333333
2019-04-15,PIBL1218G220,2019-07-17,0,5.614,34.72,5.987,100,,4000,3264,0,9587.0,7819.0,7378.0,4000.0,5000.0,6000.0,2.39675,1.5638,1.2296666666666667
2019-04-22,PIBL1218G239,2019-07-24,0,5.608,38.019999999999996,5.9959999999999996,100,,4000,3099,0,10593.0,8349.0,7660.0,4000.0,5000.0,6000.0,2.64825,1.6698,1.2766666666666666
2019-04-29,PIBL1218H249,2019-07-31,0,5.563,0,5.978,33.166666666666664,6.085,4000,5000,4010,9850.0,10947.0,8460.0,4000.0,5000.0,6000.0,2.4625,2.1894,1.41
2019-05-06,PIBL1218H256,2019-08-07,0,5.438,0,5.825,0,5.976999999999999,4000,5000,6000,15724.0,14893.0,20565.0,4000.0,5000.0,6000.0,3.931,2.9786,3.4275
2019-05-14,PIBL1218H265,2019-08-14,0,5.389,0,5.768,0,5.936,4000,5000,6000,19850.0,15788.0,19010.0,4000.0,5000.0,6000.0,4.9625,3.1576,3.1683333333333334
2019-05-20,PIBL1218H274,2019-08-20,0,5.258,0,5.7,0,5.869,4000,5000,6000,16160.0,17938.0,16170.0,4000.0,5000.0,6000.0,4.04,3.5876,2.695
2019-05-27,PIBL1218H283,2019-08-28,0,5.1499999999999995,0,5.59,0,5.683,4000,5000,6000,10562.0,11418.0,25896.0,4000.0,5000.0,6000.0,2.6405,2.2836,4.316
2019-06-03,PIBL12181291,2019-09-05,0,4.992,0,5.4,0,5.498,4000,5000,6000,9220.0,15545.0,24825.0,4000.0,5000.0,6000.0,2.305,3.109,4.1375
2019-06-10,PIBL12181308,2019-09-11,0,4.555,0,4.923,0,5.069,4000,5000,6000,7800.0,20132.0,25928.0,4000.0,5000.0,6000.0,1.95,4.0264,4.3213333333333335
2019-06-17,PIBL1218I317,2019-09-18,0,4.453,0,4.856,0,5.050000000000001,4000,5000,6000,7450.0,17880.0,17734.0,4000.0,5000.0,6000.0,1.8625,3.576,2.9556666666666667
2019-06-25,PIBL0619C019,2019-09-25,0,4.385,0,4.723,0,4.986,4000,5000,6000,11140.0,16850.0,22016.0,4000.0,5000.0,6000.0,2.785,3.37,3.6693333333333333
2019-07-08,PIBL1218J343,2019-10-09,0,3.8830000000000005,0,4.238,0,4.736,4000,5000,6000,10370.0,19150.0,21010.0,4000.0,5000.0,6000.0,2.5925,3.83,3.5016666666666665
2019-07-22,PIBL1218J361,2019-10-23,0,3.769,0,4.1000000000000005,0,4.519,4000,5000,6000,12410.0,25660.0,36252.0,4000.0,5000.0,6000.0,3.1025,5.132,6.042
2019-08-05,PIBL1218K387,2019-11-06,0,3.398,0,3.6769999999999996,0,3.898,4000,5000,6000,13352.0,27629.0,46149.0,4000.0,5000.0,6000.0,3.338,5.5258,7.6915
2019-08-19,PIBL1218K403,2019-11-20,0,3.254,0,3.4709999999999996,0,3.636,4000,5000,6000,10760.0,14110.0,20885.0,4000.0,5000.0,6000.0,2.69,2.822,3.4808333333333334
2019-09-02,PIBL1218L420,2019-12-04,0,3.1489999999999996,0,3.4290000000000003,0,3.659,4000,5000,6000,11350.0,14620.0,14281.0,4000.0,5000.0,6000.0,2.8375,2.924,2.3801666666666668
2019-09-16,PIBL0619F025,2019-12-18,0,3.037,0,3.42,33.61666666666667,3.666,4000,5000,3983,11900.0,12750.0,10403.0,4000.0,5000.0,6000.0,2.975,2.55,1.7338333333333333
2019-10-07,PIBL1219A019,2020-01-08,0,2.995,0,3.1710000000000003,0,3.5770000000000004,8000,6000,6000,14650.0,12750.0,14276.0,8000.0,6000.0,6000.0,1.83125,2.125,2.3793333333333333
2019-10-21,PIBL1219A037,2020-01-22,100,2.995,0,3.174,0,3.576,0,6000,6000,21650.0,16410.0,21721.0,8000.0,6000.0,6000.0,2.70625,2.735,3.6201666666666665
2019-11-04,PIBL1219B054,2020-02-05,100,2.995,36.666666666666664,3.198,0,3.5130000000000003,0,3800,6000,8820.0,9850.0,17868.0,8000.0,6000.0,6000.0,1.1025,1.6416666666666666,2.978
2019-11-18,PIBL1219B072,2020-02-19,0,3.168,33.5,3.2489999999999997,0,3.501,8000,3990,6000,18450.0,12740.0,24930.0,8000.0,6000.0,6000.0,2.30625,2.1233333333333335,4.155
2019-12-02,PIBL0610I040,2020-03-04,0,3.1919999999999997,0,3.3480000000000003,0,3.4750000000000005,8000,6000,6000,10460.0,6827.0,23101.0,8000.0,6000.0,6000.0,1.3075,1.1378333333333333,3.8501666666666665
2020-01-06,PIBL1219D141,2020-04-08,0,3.179,0,3.435,11.200000000000001,3.624,6000,6000,7104,9967.0,8280.0,8554.0,6000.0,6000.0,8000.0,1.6611666666666667,1.38,1.06925
2020-01-14,PIBL0320A016,2020-04-15,0,3.328,19.166666666666668,3.5869999999999997,18.855218855218855,3.8960000000000004,6000,4850,6025,8994.0,6800.0,7425.0,6000.0,6000.0,8000.0,1.499,1.1333333333333333,0.928125
2020-01-20,PIBL0619J058,2020-04-22,0,3.39,49.666666666666664,3.6519999999999997,28.9375,3.971,6000,3020,5685,13927.0,8270.0,11305.0,6000.0,6000.0,8000.0,2.3211666666666666,1.3783333333333334,1.413125
2020-01-27,PIBL1219D178,2020-04-29,0,3.2969999999999997,0,3.5970000000000004,0,3.963,6000,6000,8000,18832.0,11995.0,13689.0,6000.0,6000.0,8000.0,3.1386666666666665,1.9991666666666668,1.711125
2020-02-03,PIBL1219E186,2020-05-06,0,3.1870000000000003,0,3.5229999999999997,0,3.964,6000,6000,8000,20947.0,15799.0,12522.0,6000.0,6000.0,8000.0,3.4911666666666665,2.633166666666667,1.56525
2020-02-10,PIBL1219E195,2020-02-13,0,3.115,0,3.4610000000000003,0,3.9079999999999995,6000,6000,8000,18405.0,16820.0,21080.0,6000.0,6000.0,8000.0,3.0675,2.8033333333333332,2.635
2020-02-17,PIBL1219E202,2020-05-20,0,3.072,0,3.42,0,3.836,6000,6000,8000,21798.0,20792.0,35755.0,6000.0,6000.0,8000.0,3.633,3.465333333333333,4.469375
2020-02-24,PIBL1219E211,2020-05-27,0,3.003,0,3.3649999999999998,0,3.787,6000,6000,8000,21596.0,21060.0,28210.0,6000.0,6000.0,8000.0,3.5993333333333335,3.51,3.52625
2020-03-02,PIBL1219F229,2020-06-03,0,3.013,0,3.324,-40.0,3.6839999999999997,6000,6000,11200,12813.0,14498.0,33060.0,6000.0,6000.0,8000.0,2.1355,2.416333333333333,4.1325
2020-03-09,PIBL1219F238,2020-06-10,0,3.024,0,3.312,0,3.588,6000,6000,8000,10150.0,12193.0,30680.0,6000.0,6000.0,8000.0,1.6916666666666667,2.0321666666666665,3.835
2020-03-16,PIBL1219F247,2020-06-17,100,,0,3.398,0,3.557,0,6000,8000,4970.0,11250.0,26060.0,6000.0,6000.0,8000.0,0.8283333333333334,1.875,3.2575
2020-03-23,PIBL1219F256,2020-06-24,100,,100,,100,,0,0,0,7530.0,4120.0,2850.0,6000.0,6000.0,8000.0,1.255,0.6866666666666666,0.35625
2020-03-30,PIBL0320D022,2020-07-01,100,,100,,100,,0,0,0,7600.0,4060.0,5550.0,10000.0,5000.0,5000.0,0.76,0.812,1.11
2020-04-06,PIBL1219G264,2020-07-08,0,3.4130000000000003,0,3.553,0,3.8449999999999998,10000,5000,5000,15950.0,10915.0,10810.0,10000.0,5000.0,5000.0,1.595,2.183,2.162
2020-04-13,PIBL0620A019,2020-07-15,0,3.4709999999999996,0,3.4090000000000003,0,3.685,10000,5000,5000,15480.0,16193.0,18976.0,10000.0,5000.0,5000.0,1.548,3.2386,3.7952
2020-04-20,PIBL1219G273,2020-07-22,0,3.113,0,3.2390000000000003,0,3.295,7000,7000,10000,33010.0,21125.0,25864.0,7000.0,7000.0,10000.0,4.715714285714285,3.017857142857143,2.5864
2020-04-27,PIBL0620A028,2020-07-29,0,2.617,0,2.831,0,3.0540000000000003,7000,7000,10000,29133.0,7000.0,34445.0,7000.0,7000.0,10000.0,4.1618571428571425,1.0,3.4445
2020-05-04,PIBL1219H281,2020-08-05,0,2.479,0,2.625,0,2.945,7000,7000,10000,24748.0,33410.0,41770.0,7000.0,7000.0,10000.0,3.5354285714285716,4.772857142857143,4.177
2020-05-11,PIBL0620B036,2020-08-12,0,2.2689999999999997,0,2.374,0,2.761,5000,7000,10000,22322.0,27321.0,10000.0,5000.0,7000.0,10000.0,4.4644,3.903,1.0
2020-05-18,PIBL1219H290,2020-08-19,0,2.09,0,2.193,0,2.653,7000,7000,10000,29434.0,33700.0,40771.0,7000.0,7000.0,10000.0,4.204857142857143,4.814285714285714,4.0771
2020-05-25,PIBL0620B045,2020-08-26,0,2.0580000000000003,0,2.114,0,2.508,5000,5000,14000,19900.0,20600.0,14000.0,5000.0,5000.0,14000.0,3.98,4.12,1.0
2020-06-01,PIBL1219I306,2019-09-02,0,2.046,0,2.118,0,2.42,7000,5000,14000,17350.0,15550.0,51095.0,7000.0,5000.0,14000.0,2.4785714285714286,3.11,3.649642857142857
2020-06-08,PIBL0620C053,2020-09-09,0,2.038,-40.0,2.099,0,2.378,7000,7000,14000,21751.0,19375.0,54900.0,7000.0,5000.0,14000.0,3.107285714285714,3.875,3.9214285714285713
2020-06-15,PIBL1219I315,2020-09-16,0,2.035,0,2.101,0,2.35,5000,5000,10000,20427.0,15615.0,45947.0,5000.0,5000.0,10000.0,4.0854,3.123,4.5947
2020-06-22,PIBL0320F020,2020-09-23,0,2.068,0,2.1590000000000003,0,2.408,5000,5000,10000,15904.0,11685.0,41283.0,5000.0,5000.0,10000.0,3.1808,2.337,4.1283
2020-06-29,PIBL0320G038,2020-09-30,0,1.746,0,1.892,0,1.9800000000000002,7000,5000,14000,28740.0,32173.0,70538.0,7000.0,5000.0,14000.0,4.105714285714286,6.4346,5.038428571428572
2020-07-06,PIBL1219J323,2020-10-07,0,1.649,0,1.7500000000000002,0,1.855,7000,7000,10000,32657.0,34574.0,49669.0,7000.0,7000.0,10000.0,4.665285714285714,4.9391428571428575,4.9669
2020-07-13,PIBL0620D098,2020-10-14,0,1.587,0,1.687,0,1.7819999999999998,5000,5000,10000,21065.0,27100.0,45809.0,5000.0,5000.0,10000.0,4.213,5.42,4.5809
2020-07-20,PIBL1219J332,2020-10-21,0,1.4540000000000002,0,1.625,0,1.77,5000,5000,10000,23414.0,18852.0,30201.0,5000.0,5000.0,10000.0,4.6828,3.7704,3.0201
2020-07-27,PIBL0620D114,2020-10-28,0,1.335,0,1.6049999999999998,0,1.7579999999999998,5000,5000,10000,21791.0,16650.0,25957.0,5000.0,5000.0,10000.0,4.3582,3.33,2.5957
2020-08-03,PIBL1219K358,2020-11-04,0,1.221,0,1.4540000000000002,0,1.7489999999999999,5000,5000,10000,25510.0,23585.0,27310.0,5000.0,5000.0,10000.0,5.102,4.717,2.731
2020-08-10,PIBL0320H046,2020-11-11,0,1.113,0,1.3860000000000001,0,1.746,5000,5000,10000,16935.0,17078.0,26285.0,5000.0,5000.0,10000.0,3.387,3.4156,2.6285
2020-08-17,PIBL1219K358,2020-11-18,0,1.118,0,1.388,0,1.745,5000,5000,10000,17542.0,15020.0,30744.0,5000.0,5000.0,10000.0,3.5084,3.004,3.0744
2020-08-24,PIBL0620E131,2020-11-25,0,1.131,0,1.407,0,1.7510000000000001,5000,5000,10000,12178.0,11661.0,26438.0,5000.0,5000.0,10000.0,2.4356,2.3322,2.6438
2020-08-31,PIBL1219L375,2020-12-02,0,1.18,0,1.421,0,1.788,5000,5000,10000,15213.0,15263.0,25260.0,5000.0,5000.0,10000.0,3.0426,3.0526,2.526
2020-09-07,PIBL0620F149,2020-12-09,0,1.167,0,1.518,0,1.807,5000,5000,10000,19028.0,11008.0,26651.0,5000.0,5000.0,10000.0,3.8056,2.2016,2.6651
2020-09-14,PIBL0620F158,2020-12-16,0,1.15,0,1.5890000000000002,100,,7000,5000,0,26313.0,13134.0,14705.0,7000.0,5000.0,10000.0,3.759,2.6268,1.4705
2020-09-21,PIBL0620F167,2020-12-23,0,1.1560000000000001,0,1.6150000000000002,0,1.8499999999999999,5000,5000,10000,26931.0,14007.0,31961.0,5000.0,5000.0,10000.0,5.3862,2.8014,3.1961
2020-09-28,PIBL0620G175,2020-12-29,0,1.121,0,1.601,0,1.8579999999999999,7000,5000,10000,26580.0,15683.0,29678.0,7000.0,5000.0,10000.0,3.797142857142857,3.1366,2.9678
2020-10-05,PIBL1220A017,2021-01-06,0,1.1159999999999999,0,1.6,0,1.7999999999999998,7000,5000,10000,25235.0,29164.0,44459.0,7000.0,5000.0,10000.0,3.605,5.8328,4.4459
2020-10-12,PIBL1220A026,2021-01-13,0,1.088,0,1.598,0,1.7930000000000001,5000,5000,10000,20910.0,24286.0,34712.0,5000.0,5000.0,10000.0,4.182,4.8572,3.4712
2020-10-19,PIBL1220A035,2021-01-20,0,1.086,0,1.5970000000000002,0,1.7930000000000001,5000,5000,10000,21870.0,21632.0,25460.0,5000.0,5000.0,10000.0,4.374,4.3264,2.546
2020-10-26,PIBL1220A044,2021-01-27,0,1.079,0,1.543,0,1.791,5000,5000,10000,23440.0,27576.0,30809.0,5000.0,5000.0,10000.0,4.688,5.5152,3.0809
2020-11-02,PIBL1220B052,2021-02-03,0,1.058,0,1.4989999999999999,0,1.7590000000000001,5000,7000,10000,24987.0,31120.0,40620.0,5000.0,7000.0,10000.0,4.9974,4.445714285714286,4.062
2020-11-09,PIBL1220B061,2021-02-10,0,1.024,0,1.4529999999999998,0,1.745,7000,7000,10000,33058.0,37548.0,41495.0,7000.0,7000.0,10000.0,4.722571428571428,5.364,4.1495
2020-11-16,PIBL1220B070,2021-02-17,0,1.019,0,1.443,0,1.745,7000,5000,10000,24631.0,22246.0,33530.0,7000.0,5000.0,10000.0,3.5187142857142857,4.4492,3.353
2020-11-23,PIBL1220B089,2021-02-24,0,0.9860000000000001,0,1.385,0,1.695,5000,5000,10000,18850.0,20800.0,33770.0,5000.0,5000.0,10000.0,3.77,4.16,3.377
2020-11-30,PIBL1220C097,2021-03-03,0,1.006,0,1.3860000000000001,0,1.693,5000,5000,10000,19321.0,20410.0,36175.0,5000.0,5000.0,10000.0,3.8642,4.082,3.6175
2020-12-07,PIBL1220C104,2021-03-10,0,1.015,0,1.399,0,1.695,5000,5000,10000,17110.0,15583.0,42097.0,5000.0,5000.0,10000.0,3.422,3.1166,4.2097
2020-12-14,PIBL1220C113,2021-03-17,0,1.022,0,1.4000000000000001,0,1.686,5000,5000,10000,16218.0,14840.0,44943.0,5000.0,5000.0,10000.0,3.2436,2.968,4.4943
2021-01-04,PIBL1220D149,2021-04-07,0,0.987,0,1.369,0,1.614,7000,7000,10000,19413.0,21170.0,43055.0,7000.0,7000.0,10000.0,2.773285714285714,3.0242857142857145,4.3055
2021-01-11,PIBL1220D158,2021-04-14,0,0.9769999999999999,0,1.3599999999999999,0,1.6049999999999998,5000,7000,10000,21450.0,22220.0,43045.0,5000.0,7000.0,10000.0,4.29,3.1742857142857144,4.3045
2021-01-18,PIBL1220D167,2021-04-21,0,0.984,0,1.348,0,1.582,5000,7000,10000,17760.0,24296.0,45055.0,5000.0,7000.0,10000.0,3.552,3.4708571428571426,4.5055
2021-01-25,PIBL1220D176,2021-04-28,0,0.9690000000000001,0,1.323,0,1.542,5000,7000,10000,17330.0,31527.0,63355.0,5000.0,7000.0,10000.0,3.466,4.503857142857143,6.3355
2021-02-01,PIBL1220E184,2021-05-05,0,0.9169999999999999,0,1.21,0,1.492,7000,7000,10000,19560.0,33456.0,50630.0,7000.0,7000.0,10000.0,2.7942857142857145,4.779428571428571,5.063
2021-02-08,PIBL1220E193,2021-05-12,0,0.8460000000000001,0,1.094,0,1.4460000000000002,7000,7000,10000,7000.0,29834.0,43915.0,7000.0,7000.0,10000.0,1.0,4.262,4.3915
2021-02-15,PIBL1220E200,2021-05-19,0,0.845,0,1.046,0,1.4160000000000001,7000,7000,10000,17450.0,30050.0,41110.0,7000.0,7000.0,10000.0,2.492857142857143,4.292857142857143,4.111
2021-02-22,PIBL1220E219,2021-05-26,0,0.8750000000000001,0,1.0670000000000002,0,1.5270000000000001,5000,5000,10000,12613.0,13127.0,24311.0,5000.0,5000.0,10000.0,2.5226,2.6254,2.4311
2021-03-01,PIBL1220F227,2021-06-02,0,1.04,0,1.226,0,1.68,5000,5000,10000,7595.0,8462.0,24995.0,5000.0,5000.0,10000.0,1.519,1.6924,2.4995
2021-03-08,PIBL1220F236,2021-06-09,0,1.139,0,1.316,0,1.8519999999999999,5000,5000,10000,14467.0,10915.0,18620.0,5000.0,5000.0,10000.0,2.8934,2.183,1.862
2021-03-15,PIBL1220F245,2021-06-16,0,1.232,0,1.5270000000000001,0,1.9900000000000002,5000,5000,10000,13458.0,8632.0,20340.0,5000.0,5000.0,10000.0,2.6916,1.7264,2.034
2021-03-22,PIBL1220F254,2021-06-23,0,1.336,0,1.718,0,1.997,5000,5000,10000,12572.0,22638.0,28798.0,5000.0,5000.0,10000.0,2.5144,4.5276,2.8798
2021-03-29,PIBL1220G262,2021-06-30,0,1.269,0,1.609,0,1.8950000000000002,7000,7000,10000,22357.0,21507.0,35466.0,7000.0,7000.0,10000.0,3.193857142857143,3.0724285714285715,3.5466
2021-04-05,PIBL1220G271,2021-07-07,0,1.295,0,1.646,0,1.9120000000000001,5000,8000,12000,12650.0,16712.0,38126.0,5000.0,8000.0,12000.0,2.53,2.089,3.1771666666666665
2021-04-12,PIBL1220G280,2021-07-14,0,1.325,0,1.695,0,1.9029999999999998,5000,8000,12000,11032.0,15846.0,27865.0,5000.0,8000.0,12000.0,2.2064,1.98075,2.3220833333333335
2021-04-19,PIBL1220G299,2021-07-21,0,1.349,0,1.7129999999999999,0,1.884,5000,8000,12000,14850.0,21602.0,35200.0,5000.0,8000.0,12000.0,2.97,2.70025,2.933333333333333
2021-04-26,PIBL1220G306,2021-07-28,0,1.369,0,1.714,0,1.8800000000000001,5000,8000,12000,15375.0,26245.0,29976.0,5000.0,8000.0,12000.0,3.075,3.280625,2.498
2021-05-03,PIBL1220H314,2021-08-04,0,1.306,-40.0,1.629,0,1.863,5000,11200,12000,18100.0,38075.0,37865.0,5000.0,8000.0,12000.0,3.62,4.759375,3.1554166666666665
2021-05-10,PIBL1220H323,2021-08-11,-40.0,1.278,-40.0,1.549,0,1.8290000000000002,7000,11200,12000,23172.0,31431.0,42636.0,5000.0,8000.0,12000.0,4.6344,3.928875,3.553
2021-05-17,PIBL1220H332,2021-08-18,0,1.27,-40.0,1.54,0,1.81,5000,11200,12000,15355.0,25109.0,41630.0,5000.0,8000.0,12000.0,3.071,3.138625,3.4691666666666667
2021-05-24,PIBL1220H341,2021-08-25,0,1.269,0,1.541,0,1.796,5000,8000,12000,16961.0,20288.0,38595.0,5000.0,8000.0,12000.0,3.3922,2.536,3.21625
2021-05-31,PIBL1220I359,2021-09-01,-40.0,1.2349999999999999,-40.0,1.472,-40.0,1.7229999999999999,7000,7000,7000,22150.0,27410.0,37613.0,5000.0,5000.0,5000.0,4.43,5.482,7.5226
2021-06-07,PIBL1220I368,2021-09-08,-40.0,1.176,-40.0,1.422,-40.0,1.649,7000,7000,7000,26359.0,28860.0,37300.0,5000.0,5000.0,5000.0,5.2718,5.772,7.46
2021-06-14,PIBL0621C015,2021-09-15,-40.0,1.118,0,1.3719999999999999,-40.0,1.577,7000,5000,7000,28229.0,34037.0,38030.0,5000.0,5000.0,5000.0,5.6458,6.8074,7.606
2021-06-21,PIBL1220I386,2021-06-22,0,1.078,0,1.348,0,1.5630000000000002,5000,5000,7000,15750.0,18967.0,24347.0,5000.0,5000.0,7000.0,3.15,3.7934,3.478142857142857
2021-06-28,PIBL1220I395,2021-09-29,0,1.031,0,1.332,0,1.562,5000,5000,5000,19749.0,18427.0,15390.0,5000.0,5000.0,5000.0,3.9498,3.6854,3.078
2021-07-05,PIBL1220J401,2021-10-06,0,1.044,0,1.351,0,1.568,5000,5000,5000,16550.0,16112.0,16661.0,5000.0,5000.0,5000.0,3.31,3.2224,3.3322
2021-07-12,PIBL1220J410,2021-10-13,0,1.068,0,1.384,0,1.593,5000,5000,5000,14700.0,14798.0,12590.0,5000.0,5000.0,5000.0,2.94,2.9596,2.518
2021-07-19,PIBL1220J429,2021-10-20,0,1.082,0,1.082,0,1.629,5000,5000,5000,17045.0,15880.0,12815.0,5000.0,5000.0,5000.0,3.409,3.176,2.563
2021-07-26,PIBL1220J438,2021-10-27,0,1.05,0,1.407,0,1.638,5000,5000,5000,18327.0,13750.0,10950.0,5000.0,5000.0,5000.0,3.6654,2.75,2.19
2021-08-02,PIBL1220K445,2021-11-03,0,1.053,0,1.401,0,1.6320000000000001,5000,5000,5000,16252.0,19480.0,15032.0,5000.0,5000.0,5000.0,3.2504,3.896,3.0064
2021-08-09,PIBL1220K454,2021-11-10,0,1.064,0,1.407,0,1.625,5000,5000,5000,17200.0,17210.0,20445.0,5000.0,5000.0,5000.0,3.44,3.442,4.089
2021-08-16,PIBL1220K463,2021-11-17,0,1.0659999999999998,0,1.407,0,1.617,5000,5000,5000,17471.0,18480.0,17325.0,5000.0,5000.0,5000.0,3.4942,3.696,3.465
2021-08-23,PIBL1220K472,2021-11-24,0,1.077,0,1.4080000000000001,0,1.6119999999999999,5000,5000,5000,14606.0,19021.0,17240.0,5000.0,5000.0,5000.0,2.9212,3.8042,3.448
2021-08-31,PIBL1220L480,2021-12-01,0,1.077,0,1.405,0,1.616,5000,5000,5000,15584.0,22646.0,16955.0,5000.0,5000.0,5000.0,3.1168,4.5292,3.391
2021-09-06,PIBL1220L499,2021-12-07,0,1.078,0,1.405,0,1.609,5000,5000,5000,14384.0,21340.0,21185.0,5000.0,5000.0,5000.0,2.8768,4.268,4.237
2021-09-13,PIBL1220L505,2021-12-15,0,1.079,0,1.402,0,1.6039999999999999,5000,5000,5000,17645.0,25312.0,20316.0,5000.0,5000.0,5000.0,3.529,5.0624,4.0632
2021-09-20,PIBL0621F021,2021-12-22,0,1.0699999999999998,0,1.389,0,1.5970000000000002,5000,5000,5000,21620.0,26470.0,24420.0,5000.0,5000.0,5000.0,4.324,5.294,4.884
2021-09-27,PIBL0621F030,2021-12-20,0,1.06,0,1.385,-40.0,1.582,5000,5000,7000,17240.0,21505.0,25120.0,5000.0,5000.0,5000.0,3.448,4.301,5.024
2021-10-04,PIBL1221A015,2021-01-05,0,1.085,0,1.391,0,1.584,5000,5000,5000,13013.0,22418.0,20925.0,5000.0,5000.0,5000.0,2.6026,4.4836,4.185
2021-10-11,PIBL1221A024,2022-01-12,0,1.095,0,1.391,0,1.587,5000,5000,5000,11370.0,18364.0,16860.0,5000.0,5000.0,5000.0,2.274,3.6728,3.372
2021-10-18,PIBL1221A033,2022-01-19,0,1.113,0,1.39,0,1.6039999999999999,5000,5000,5000,8680.0,16868.0,10540.0,5000.0,5000.0,5000.0,1.736,3.3736,2.108
2021-10-25,PIBL1221A042,2022-01-26,0,1.119,0,1.387,0,1.606,5000,5000,5000,9300.0,14201.0,11220.0,5000.0,5000.0,5000.0,1.86,2.8402,2.244
2021-11-02,PIBL1221B050,2022-02-02,0,1.13,0,1.395,0,1.6129999999999998,5000,5000,5000,13081.0,14936.0,13760.0,5000.0,5000.0,5000.0,2.6162,2.9872,2.752
2021-11-08,PIBL1221B069,2022-02-09,0,1.143,0,1.401,0,1.616,5000,5000,5000,14531.0,15260.0,12725.0,5000.0,5000.0,5000.0,2.9062,3.052,2.545
2021-11-15,PIBL1221B078,2022-02-16,0,1.15,0,1.413,0,1.6209999999999998,5000,5000,5000,11340.0,13070.0,13580.0,5000.0,5000.0,5000.0,2.268,2.614,2.716
2021-11-22,PIBL1221B087,2022-02-23,0,1.1780000000000002,0,1.443,0,1.628,5000,5000,5000,8782.0,10860.0,14120.0,5000.0,5000.0,5000.0,1.7564,2.172,2.824
2021-11-29,PIBL1221C095,2022-12-01,0,1.164,0,1.4489999999999998,0,1.636,2000,3000,5000,11318.0,13983.0,12350.0,2000.0,3000.0,5000.0,5.659,4.661,2.47
2021-12-06,PIBL1221C102,2021-03-09,0,1.155,0,1.443,0,1.643,2000,3000,5000,13300.0,16012.0,11973.0,2000.0,3000.0,5000.0,6.65,5.3373333333333335,2.3946
2021-12-14,PIBL1221C111,2021-03-09,0,1.125,0,1.428,0,1.649,2000,3000,5000,16757.0,19360.0,16641.0,2000.0,3000.0,5000.0,8.3785,6.453333333333333,3.3282
2022-01-03,PIBL1221D147,2022-04-06,0,1.075,0,1.269,0,1.6,5000,5000,5000,24144.0,24320.0,22589.0,5000.0,5000.0,5000.0,4.8288,4.864,4.5178
2022-01-10,PIBL1221D156,2022-04-13,0,0.9690000000000001,0,1.121,0,1.468,5000,5000,5000,23702.0,24980.0,24900.0,5000.0,5000.0,5000.0,4.7404,4.996,4.98
2022-01-17,PIBL1221D165,2022-04-20,0,0.8750000000000001,0,1.097,0,1.415,5000,5000,5000,27499.0,26376.0,23800.0,5000.0,5000.0,5000.0,5.4998,5.2752,4.76
2022-01-24,PIBL1221D174,2022-04-27,0,0.6930000000000001,0,1.077,0,1.41,5000,5000,5000,27976.0,27857.0,20532.0,5000.0,5000.0,5000.0,5.5952,5.5714,4.1064
2022-01-31,PIBL1221E182,2022-05-04,0,0.6910000000000001,0,1.023,0,1.4080000000000001,5000,5000,5000,17202.0,24000.0,18569.0,5000.0,5000.0,5000.0,3.4404,4.8,3.7138
2022-02-07,PIBL1221E191,2022-05-11,0,0.7100000000000001,0,1.022,0,1.4080000000000001,5000,5000,5000,14730.0,21460.0,17560.0,5000.0,5000.0,5000.0,2.946,4.292,3.512
2022-02-14,PIBL1221E208,2022-05-18,0,0.8099999999999999,0,1.0659999999999998,0,1.4749999999999999,5000,5000,5000,13570.0,14790.0,12874.0,5000.0,5000.0,5000.0,2.714,2.958,2.5748
2022-02-21,PIBL1221E217,2022-05-25,0,0.899,0,1.157,0,1.568,5000,5000,5000,13314.0,11490.0,11118.0,5000.0,5000.0,5000.0,2.6628,2.298,2.2236
2022-02-28,PIBL1221F225,2022-06-01,100,,100,,100,,0,0,0,6070.0,5652.0,6820.0,5000.0,5000.0,5000.0,1.214,1.1304,1.364
2022-03-07,PIBL1221F234,2022-06-08,100,,100,,100,,0,0,0,7610.0,6459.0,7165.0,5000.0,5000.0,5000.0,1.522,1.2918,1.433
2022-03-14,PIBL1221F243,2022-06-15,39.26,1.3050000000000002,40.0,1.458,38.0,1.7340000000000002,3037,3000,3100,8959.0,7220.0,7170.0,5000.0,5000.0,5000.0,1.7918,1.444,1.434
2022-03-21,PIBL1221F252,2022-06-22,2.68,1.536,0,1.6070000000000002,19.400000000000002,1.7919999999999998,4866,5000,4030,9474.0,8740.0,7700.0,5000.0,5000.0,5000.0,1.8948,1.748,1.54
2022-03-28,PIBL1221F261,2022-06-29,0,1.587,0,,100,0,5000,5000,0,17802.0,9400.0,8602.0,5000.0,5000.0,5000.0,3.5604,1.88,1.7204
2022-04-04,PIBL1221G279,2022-07-06,0,1.38,0,1.781,0,1.883,5000,5000,5000,29350.0,14170.0,11072.0,5000.0,5000.0,5000.0,5.87,2.834,2.2144
2022-04-11,PIBL1221G288,2022-07-13,0,1.25,-40.0,1.555,0,1.857,5000,7000,5000,32734.0,27500.0,11020.0,5000.0,5000.0,5000.0,6.5468,5.5,2.204
2022-04-18,PIBL1221G297,2022-07-20,-40.0,1.2229999999999999,0,1.568,0,1.8769999999999998,7000,5000,5000,26230.0,15850.0,11954.0,5000.0,5000.0,5000.0,5.246,3.17,2.3908
2022-04-25,PIBL1221G304,2022-07-27,0,1.1400000000000001,0,1.558,0,1.9009999999999998,5000,5000,5000,17200.0,13440.0,5000.0,5000.0,5000.0,5000.0,3.44,2.688,1.0
2022-05-02,PIBL1221H312,2022-08-03,0,1.272,0,1.635,43.35573379579449,1.933,5000,5000,2613,10536.0,8582.0,4613.0,5000.0,5000.0,5000.0,2.1072,1.7164,0.9226
2022-05-10,PIBL1221H321,2022-08-10,0,1.5310000000000001,100,0,100,0,5000,0,0,9009.0,6400.0,4575.0,5000.0,5000.0,5000.0,1.8018,1.28,0.915
2022-05-16,PIBL1221H330,2022-08-17,100,,100,0,100,0,0,0,0,13304.0,7327.0,2900.0,5000.0,5000.0,5000.0,2.6608,1.4654,0.58
2022-05-23,PIBL1221H349,2022-08-24,0,1.675,30.0,1.892,100,0,5000,3500,0,21629.0,10596.0,4320.0,5000.0,5000.0,5000.0,4.3258,2.1192,0.864
2022-05-30,PIBL1221l357,2022-08-31,0,1.46,0,1.812,100,0,5000,5000,0,22341.0,14955.0,5580.0,5000.0,5000.0,5000.0,4.4682,2.991,1.116
2022-06-06,PIBL1221l366,2022-09-07,0,1.44,0,1.8339999999999999,21.52,2.297,5000,5000,3924,20790.0,15020.0,6844.0,5000.0,5000.0,5000.0,4.158,3.004,1.3688
2022-06-13,PIBL1221l375,2022-09-14,0,1.572,0,1.934,20.0,2.325,5000,5000,4000,12330.0,11350.0,6000.0,5000.0,5000.0,5000.0,2.466,2.27,1.2
2022-06-20,PIBL1221l384,2022-09-21,38.6,1.7590000000000001,0,2.1319999999999997,23.0,2.4539999999999997,3070,5000,3850,11285.0,5820.0,5500.0,5000.0,5000.0,5000.0,2.257,1.164,1.1
2022-06-27,PIBL1221l393,2022-09-28,0,1.855,21.0,2.4,0,2.63,5000,3950,5000,14926.0,5500.0,6750.0,5000.0,5000.0,5000.0,2.9852,1.1,1.35
2022-07-04,PIBL1221J409,2022-10-05,0,1.908,0,2.608,0,2.811,5000,5000,5000,18673.0,6376.0,7710.0,5000.0,5000.0,5000.0,3.7346,1.2752,1.542
2022-07-11,PIBL1221J418,2022-07-13,0,1.876,18.0,2.907,18.8,2.981,5000,4100,4060,24563.0,7050.0,5110.0,5000.0,5000.0,5000.0,4.9126,1.41,1.022
2022-07-18,PIBL1221J427,2022-10-19,0,2.323,42.0,3.083,0,3.258,5000,2900,5000,16615.0,8888.0,8020.0,5000.0,5000.0,5000.0,3.323,1.7776,1.604
2022-07-25,PIBL12221J436,2022-10-26,0,2.273,0,3.143,25.0,3.356,5000,5000,3750,20574.0,12120.0,6150.0,5000.0,5000.0,5000.0,4.1148,2.424,1.23
2022-08-01,PIBL1221K443,2022-11-02,0,2.09,0,3.1879999999999997,0,3.4799999999999995,5000,5000,5000,24073.0,12940.0,6293.0,5000.0,5000.0,5000.0,4.8146,2.588,1.2586
2022-08-08,PIBL1221K443,2022-11-09,0,1.8499999999999999,0,3.211,0,3.6350000000000002,5000,5000,5000,18690.0,17165.0,7910.0,5000.0,5000.0,5000.0,3.738,3.433,1.582
2022-08-15,PIBL1221K461,2022-11-16,0,1.8739999999999999,0,3.2259999999999995,0,3.712,5000,5000,5000,14610.0,18006.0,7916.0,5000.0,5000.0,5000.0,2.922,3.6012,1.5832
2022-08-22,PIBL1221K470,2022-11-23,14.000000000000002,2.07,0,3.3360000000000003,45.58,3.782,4300,5000,2721,8270.0,5000.0,7221.0,5000.0,5000.0,5000.0,1.654,1.0,1.4442
2022-08-30,PIBL1221L488,2022-11-29,100,0,100,0,100,0,0,0,0,6103.0,8252.0,2934.0,5000.0,5000.0,5000.0,1.2206,1.6504,0.5868
2022-09-05,PIBL1221L497,2022-12-07,9.139999999999999,2.318,49.5,3.485,100,0,4543,2525,0,7923.0,10629.0,5101.0,5000.0,5000.0,5000.0,1.5846,2.1258,1.0202
2022-09-12,PIBL1221L503,2022-12-14,100,,0,3.634,100,0,0,5000,0,4650.0,9975.0,4856.0,5000.0,5000.0,5000.0,0.93,1.995,0.9712
2022-09-19,PIBL0622F010,2022-12-21,100,,36.76,3.81,100,0,0,3162,0,5965.0,7123.0,3200.0,5000.0,5000.0,5000.0,1.193,1.4246,0.64
2022-09-27,PIBL0622F029,2022-12-28,100,,33.0,3.9579999999999997,100,,0,3350,0,4600.0,9000.0,4064.0,5000.0,5000.0,5000.0,0.92,1.8,0.8128
2022-10-04,PIBL122A013,2023-01-04,100,,100,,100,,0,0,0,5780.0,4780.0,3678.0,5000.0,5000.0,5000.0,1.156,0.956,0.7356
2022-10-10,PIBL122A022,2023-01-11,74.6,3.819,46.1,4.415,100,,1270,2695,0,7580.0,5645.0,3081.0,5000.0,5000.0,5000.0,1.516,1.129,0.6162
2022-10-17,PIBL122A031,2023-01-18,100,,100,,100,,0,0,0,7600.0,5503.0,3200.0,5000.0,5000.0,5000.0,1.52,1.1006,0.64
2022-10-24,PIBL122A040,2023-01-25,49.9,4.22,57.99999999999999,4.65,59.019999999999996,4.875,2505,2100,2049,8300.0,7466.0,5094.0,5000.0,5000.0,5000.0,1.66,1.4932,1.0188
2022-11-02,PIBL122B058,2023-02-01,100,,100,,100,,0,0,0,8485.0,4930.0,2670.0,5000.0,5000.0,5000.0,1.697,0.986,0.534
2022-11-07,PIBL122B067,2023-02-08,57.99999999999999,4.35,50.0,4.8,55.319148936170215,5.0,2100,2500,2100,9350.0,7457.0,4700.0,5000.0,5000.0,5000.0,1.87,1.4914,0.94
2022-11-14,PIBL1222B076,2023-02-15,0,4.4639999999999995,56.00000000000001,4.838,56.25,5.1,5000,2200,1400,13700.0,7147.0,3200.0,5000.0,5000.0,5000.0,2.74,1.4294,0.64
2022-11-21,PIBL1222B085,2023-02-22,0,4.375,35.0,4.920999999999999,53.73164353248844,5.142,5000,3250,2300,17371.0,7110.0,4971.0,5000.0,5000.0,5000.0,3.4742,1.422,0.9942
2022-11-28,PIBL0322K020,2023-03-01,0,4.205,57.99999999999999,4.92,37.3134328358209,5.1499999999999995,5000,2100,2520,25987.0,5780.0,4020.0,5000.0,5000.0,5000.0,5.1974,1.156,0.804
2022-12-05,PIBL0622I044,2023-03-08,0,4.089,0,4.95,100,,5000,2100,0,19096.0,2100.0,3990.0,5000.0,5000.0,5000.0,3.8192,0.42,0.798
2023-01-03,PIBL1222D145,2023-04-05,0,4.154999999999999,0,4.903,21.58968850698174,5.24,5000,5000,3650,14650.0,10950.0,4655.0,5000.0,5000.0,5000.0,2.93,2.19,0.931
2023-01-09,PIBL1222D154,2023-04-12,0,4.232,0,4.9590000000000005,5.0,5.393,5000,5000,4750,11875.0,9180.0,6940.0,5000.0,5000.0,5000.0,2.375,1.836,1.388
2023-01-16,PIBL1222D163,2023-04-19,0,4.25,0,4.967,0,5.448,5000,5000,5000,16321.0,15200.0,14370.0,5000.0,5000.0,5000.0,3.2642,3.04,2.874
2023-01-23,PIBL1222D172,2023-04-26,0,4.211,0,4.912,0,5.428,5000,5000,5000,22360.0,19080.0,20573.0,5000.0,5000.0,5000.0,4.472,3.816,4.1146
2023-01-30,PIBL1222E180,2023-05-03,0,4.152,0,4.875,0,5.354,5000,5000,5000,16580.0,17000.0,28270.0,5000.0,5000.0,5000.0,3.316,3.4,5.654
2023-02-06,PIBL0622K069,2023-05-10,0,4.186,0,4.867,0,5.292,5000,5000,5000,6756.0,10150.0,20880.0,5000.0,5000.0,5000.0,1.3512,2.03,4.176
2023-02-13,PIBL0622K078,2023-05-17,0,4.2299999999999995,0,4.949,0,5.298,5000,5000,5000,8856.0,7776.0,15550.0,5000.0,5000.0,5000.0,1.7712,1.5552,3.11
2023-02-20,PIBL0622K087,2023-05-24,28.999999999999996,4.413,10.0,5.06,0,5.455,3550,4500,5000,7330.0,10000.0,12988.0,5000.0,5000.0,5000.0,1.466,2.0,2.5976
2023-02-27,PIBL0622K096,2023-05-31,100,,0,5.177,0,5.577,0,5000,5000,4120.0,9460.0,9070.0,5000.0,5000.0,5000.0,0.824,1.892,1.814
2023-03-06,PIBL1222F232,2023-06-07,50.9,4.585999999999999,55.00000000000001,5.378,0,5.707,2455,2250,5000,5172.0,6800.0,8157.0,5000.0,5000.0,5000.0,1.0344,1.36,1.6314
2023-03-13,PIBL1222F241,2022-06-14,24.38,4.664,18.88,5.437,0,5.717,3781,4056,5000,6091.0,7816.0,7722.0,5000.0,5000.0,5000.0,1.2182,1.5632,1.5444
2023-03-20,PIBL1222F250,2023-06-21,37.36698836921554,4.9110000000000005,26.0,5.556,11.899999999999999,5.864,2531,3700,4405,4041.0,6970.0,6795.0,5000.0,5000.0,5000.0,0.8082,1.394,1.359
2023-03-27,PIBL1222F269,2023-06-28,71.44,5.149,57.49999999999999,5.6770000000000005,0,5.987,1428,2125,5000,6038.0,5635.0,11579.0,5000.0,5000.0,5000.0,1.2076,1.127,2.3158
2023-04-03,PIBL1222G277,2023-07-05,0,5.045,44.0,5.6739999999999995,0,5.976999999999999,5000,2800,5000,13940.0,10435.0,9815.0,5000.0,5000.0,5000.0,2.788,2.087,1.963
2023-04-11,PIBL1222G286,2023-07-12,8.0,5.314,14.000000000000002,5.7,0,5.991,4600,4300,5000,6744.0,8578.0,9287.0,5000.0,5000.0,5000.0,1.3488,1.7156,1.8574
2023-04-17,PIBL1222G295,2023-07-19,70.0,5.55,31.0,5.811999999999999,15.5,6.0729999999999995,1500,3450,4225,5200.0,7050.0,7575.0,5000.0,5000.0,5000.0,1.04,1.41,1.515
2023-04-24,PIBL1222G302,2023-07-26,40.97803939325334,5.869,35.28,5.992999999999999,5.42,6.209,2607,3236,4729,4417.0,6146.0,6990.0,5000.0,5000.0,5000.0,0.8834,1.2292,1.398
2023-05-02,PIBL1222H310,2023-08-02,61.7,6.0,100,,0,6.247,1915,0,5000,5075.0,7160.0,9888.0,5000.0,5000.0,5000.0,1.015,1.432,1.9776
2023-05-08,PIBL1222H329,2023-08-09,38.800000000000004,5.891,39.4,6.109,0,6.211,3060,3030,5000,10268.0,13140.0,21946.0,5000.0,5000.0,5000.0,2.0536,2.628,4.3892
2023-05-15,PIBL1222H338,2023-08-16,0,5.874,0,5.991,0,6.0280000000000005,5000,5000,5000,14642.0,14271.0,30683.0,5000.0,5000.0,5000.0,2.9284,2.8542,6.1366
2023-05-22,PIBL1222H347,2023-08-23,0,5.777,0,5.898,0,5.945,5000,5000,5000,14062.0,20080.0,26528.0,5000.0,5000.0,5000.0,2.8124,4.016,5.3056
2023-05-29,PIBL0623C011,2023-08-30,0,5.783,0,5.8790000000000004,0,5.9479999999999995,5000,5000,5000,13680.0,16530.0,18516.0,5000.0,5000.0,5000.0,2.736,3.306,3.7032
2023-06-05,PIBL0623C020,2023-09-06,0,5.827,0,5.891,0,5.9799999999999995,5000,5000,5000,6589.0,11070.0,9994.0,5000.0,5000.0,5000.0,1.3178,2.214,1.9988
2023-06-13,PIBL0623C039,2023-09-13,20.14165559982293,5.922000000000001,0,5.978,0,6.062,3608,5000,5000,4518.0,7720.0,7811.0,5000.0,5000.0,5000.0,0.9036,1.544,1.5622
2023-06-19,PIBL0623C048,2023-09-20,34.839999999999996,6.029,41.980000000000004,6.081,47.18,6.166,3258,2901,2641,5568.0,6536.0,6501.0,5000.0,5000.0,5000.0,1.1136,1.3072,1.3002
2023-06-26,PIBL0623C057,2023-09-27,0,6.085999999999999,40.36144578313253,6.144,47.78,6.219,5000,2970,2611,6677.0,4980.0,5991.0,5000.0,5000.0,5000.0,1.3354,0.996,1.1982
2023-07-03,PIBL0623D065,2023-10-04,40.92,6.15,42.33261339092873,6.265999999999999,28.1,6.286,2954,2670,3595,6584.0,4630.0,6205.0,5000.0,5000.0,5000.0,1.3168,0.926,1.241
2023-07-10,PIBL0623D074,2023-10-11,0,5.973,0,6.265999999999999,11.66,6.339,5000,5000,4417,11128.0,8328.0,8104.0,5000.0,5000.0,5000.0,2.2256,1.6656,1.6208
2023-07-17,PIBL0623D083,2023-10-18,0,5.884,0,6.095,0,6.226,5000,5000,5000,17716.0,14310.0,12732.0,5000.0,5000.0,5000.0,3.5432,2.862,2.5464
2023-07-25,PIBL1223J434,2023-10-25,0,5.611,0,5.8229999999999995,0,6.184,5000,5000,5000,29775.0,22815.0,14105.0,5000.0,5000.0,5000.0,5.955,4.563,2.821
2023-07-31,PH0000057275,2023-10-31,0,5.224,0,5.789,0,6.21,5000,5000,5000,20867.0,13309.0,10927.0,5000.0,5000.0,5000.0,4.1734,2.6618,2.1854
2023-08-07,PIBL1222K450,2023-11-08,28.000000000000004,5.598,0,5.99,0,6.294,3600,5000,5000,17509.0,10820.0,9733.0,5000.0,5000.0,5000.0,3.5018,2.164,1.9466
2023-08-14,PIBL1222K469,2023-11-15,0,5.704,23.400000000000002,5.945,32.9,6.325,5000,3830,3355,16307.0,13360.0,11038.0,5000.0,5000.0,5000.0,3.2614,2.672,2.2076
2023-08-22,PIBL1222K478,2023-11-22,0,5.671,0,5.986,0,6.334,5000,5000,5000,18164.0,10945.0,13882.0,5000.0,5000.0,5000.0,3.6328,2.189,2.7764
2023-08-29,PIBL1222K467,2023-11-29,0,5.573,0,5.992999999999999,0,6.297,5000,5000,5000,18625.0,13460.0,17040.0,5000.0,5000.0,5000.0,3.725,2.692,3.408
2023-09-04,PIBL0623F107,2023-12-06,0,5.552,0,5.966,0,6.198,5000,5000,5000,13242.0,15043.0,19275.0,5000.0,5000.0,5000.0,2.6484,3.0086,3.855
2023-09-11,PH0000056871,2023-12-13,0,5.575,0,5.96,0,6.1899999999999995,5000,5000,5000,14715.0,15983.0,21116.0,5000.0,5000.0,5000.0,2.943,3.1966,4.2232
2023-09-18,PH0000056962,2023-12-20,0,5.552,0,5.939,0,6.0729999999999995,5000,5000,5000,16370.0,17792.0,21503.0,5000.0,5000.0,5000.0,3.274,3.5584,4.3006
2023-09-25,PH0000056996,2023-12-27,0,5.595,0,5.968,0,6.119,5000,5000,5000,10045.0,16280.0,13697.0,5000.0,5000.0,5000.0,2.009,3.256,2.7394
2023-10-02,PIBL1223A011,2024-01-03,0,5.698,0,6.023,41.68,6.215,5000,5000,2916,10010.0,33121.0,8458.0,5000.0,5000.0,5000.0,2.002,6.6242,1.6916
2023-10-09,PIBL1223A020,2023-01-10,4.24,5.806,11.799999999999999,6.115,33.6,6.305,4788,4410,3320,6898.0,7646.0,8020.0,5000.0,5000.0,5000.0,1.3796,1.5292,1.604
2023-10-16,PIBL1223A039,2024-01-17,27.26,5.99,33.800000000000004,6.207,0,6.388000000000001,3637,3310,5000,5137.0,6520.0,7714.0,5000.0,5000.0,5000.0,1.0274,1.304,1.5428
2023-10-23,PIBL1223A048,2024-01-24,0,6.149,14.799999999999999,6.329999999999999,0,6.479,5000,4260,5000,7804.0,5460.0,10095.0,5000.0,5000.0,5000.0,1.5608,1.092,2.019
2023-10-31,PIBL1223B056,2024-01-31,0,6.343,21.0,6.462,24.0,6.5920000000000005,5000,3950,3800,7836.0,6410.0,7695.0,5000.0,5000.0,5000.0,1.5672,1.282,1.539
2023-11-06,PIBL1223B065,2024-02-07,0,6.351999999999999,10.0,6.5360000000000005,25.6,6.590999999999999,5000,4500,3720,14790.0,7176.0,10350.0,5000.0,5000.0,5000.0,2.958,1.4352,2.07
2023-11-13,PIBL1223B074,2024-02-14,0,6.123,0,6.512999999999999,0,6.5600000000000005,5000,5000,5000,20133.0,10732.0,15576.0,5000.0,5000.0,5000.0,4.0266,2.1464,3.1152
2023-11-28,PIBL1223C091,2024-02-28,0,4.753,0,5.181,0,5.727,3000,3000,4000,25615.0,22380.0,24220.0,3000.0,3000.0,4000.0,8.538333333333334,7.46,6.055
2023-12-04,PIBL1223C108,2024-03-06,-40.0,4.9959999999999996,16.666666666666664,5.267,25.374999999999996,5.732,4200,2500,2985,15512.0,9260.0,9960.0,3000.0,3000.0,4000.0,5.1706666666666665,3.0866666666666664,2.49
2024-01-02,PIBL1223D143,2024-04-03,0,5.140000000000001,-40.0,5.578,0,5.829,5000,7000,5000,13360.0,14360.0,12225.0,5000.0,5000.0,5000.0,2.672,2.872,2.445
2024-01-08,PIBL1223D152,2024-04-10,-40.0,5.102,-40.0,5.582,0,5.973,7000,7000,5000,18360.0,16910.0,11605.0,5000.0,5000.0,5000.0,3.672,3.382,2.321
2024-01-15,PIBL1223D161,2024-04-17,0,5.226,0,5.685,0,5.9990000000000006,5000,5000,5000,13752.0,13060.0,16376.0,5000.0,5000.0,5000.0,2.7504,2.612,3.2752
2024-01-22,PIBL1223D170,2024-04-24,0,5.306,0,5.766,0,6.037,5000,5000,5000,11940.0,10970.0,12075.0,5000.0,5000.0,5000.0,2.388,2.194,2.415
2024-01-29,PIBL1223E188,2024-04-30,0,5.398,0,5.81,0,6.0760000000000005,5000,5000,5000,6260.0,12370.0,14307.0,5000.0,5000.0,5000.0,1.252,2.474,2.8614
2024-02-05,PIBL1223E197,2024-05-08,0,5.461,0,5.861000000000001,0,6.075,5000,5000,5000,12985.0,13940.0,20580.0,5000.0,5000.0,5000.0,2.597,2.788,4.116
2024-02-12,PIBL1223E204,2024-05-15,-14.399999999999999,5.506,0,5.8790000000000004,0,6.064,5720,5000,7000,10720.0,15790.0,22782.0,5000.0,5000.0,7000.0,2.144,3.158,3.2545714285714284
2024-02-19,PIBL1223E213,2024-05-22,10.0,5.592,0,5.9270000000000005,0,6.079,4500,5000,5000,6072.0,10260.0,14112.0,5000.0,5000.0,5000.0,1.2144,2.052,2.8224
2024-02-26,PIBL1223E222,2024-05-29,0,5.71,4.0,5.971,0,6.085,5000,4800,5000,8115.0,12410.0,15240.0,5000.0,5000.0,5000.0,1.623,2.482,3.048
2024-03-04,PIBL1223F230,2024-06-05,0,5.778,0,5.995,0,6.1,5000,5000,5000,9428.0,13310.0,14160.0,5000.0,5000.0,5000.0,1.8856,2.662,2.832
2024-03-11,PH0000056947,2024-06-11,0,5.772,0,5.966,0,6.087,5000,5000,5000,13555.0,17631.0,19522.0,5000.0,5000.0,5000.0,2.711,3.5262,3.9044
2024-03-18,PH0000056970,2024-06-19,0,5.744,0,5.9159999999999995,0,6.033,5000,5000,5000,14210.0,12670.0,20365.0,5000.0,5000.0,5000.0,2.842,2.534,4.073
2024-03-25,PH0000057002,2024-06-26,0,5.71,0,5.88,0,5.982,5000,5000,5000,15400.0,15771.0,19335.0,5000.0,5000.0,5000.0,3.08,3.1542,3.867
2024-04-01,PH0000057069,2024-07-03,0,5.704,0,5.865,0,5.965,5000,5000,7000,12928.0,16260.0,18562.0,5000.0,5000.0,7000.0,2.5856,3.252,2.6517142857142857
2024-04-08,PH0000057077,2024-07-10,0,5.772,0,5.885,0,5.9830000000000005,5000,5000,5000,10333.0,15036.0,14570.0,5000.0,5000.0,5000.0,2.0666,3.0072,2.914
2024-04-15,PH0000057085,2024-07-17,0,5.87,0,5.973,0,6.0440000000000005,5000,5000,5000,10939.0,13632.0,15260.0,5000.0,5000.0,5000.0,2.1878,2.7264,3.052
2024-04-22,PH0000057093,2024-07-24,0,5.888,0,6.002,0,6.08,5000,5000,5000,13100.0,15980.0,15760.0,5000.0,5000.0,5000.0,2.62,3.196,3.152
2024-04-29,PH000057259,2024-07-31,0,5.869,0,5.988,0,6.081,5000,5000,5000,16160.0,18590.0,16454.0,5000.0,5000.0,5000.0,3.232,3.718,3.2908
2024-05-06,PH0000057267,2024-08-07,0,5.779999999999999,0,5.93,0,6.056,5000,5000,5000,19037.0,16310.0,17600.0,5000.0,5000.0,5000.0,3.8074,3.262,3.52
2024-05-13,PH0000057317,2024-08-14,0,5.727,0,5.893000000000001,-40.0,6.037,5000,5000,7000,21412.0,19910.0,18519.0,5000.0,5000.0,5000.0,4.2824,3.982,3.7038
2024-05-20,PH0000057325,2024-08-21,0,5.712,0,5.864,0,6.007,5000,5000,5000,19105.0,19360.0,20880.0,5000.0,5000.0,5000.0,3.821,3.872,4.176
2024-05-27,PH0000057333,2024-08-28,0,5.718999999999999,0,5.886,0,6.043,5000,5000,5000,15250.0,11160.0,11885.0,5000.0,5000.0,5000.0,3.05,2.232,2.377
2024-06-03,PH0000057424,2024-09-04,0,5.698,0,5.904,0,6.046,5000,5000,5000,19066.0,11910.0,13000.0,5000.0,5000.0,5000.0,3.8132,2.382,2.6
2024-06-10,PH0000057432,2024-09-11,0,5.667,0,5.908,0,6.039,5000,5000,5000,17360.0,12560.0,12465.0,5000.0,5000.0,5000.0,3.472,2.512,2.493
2024-06-18,PH0000057440,2024-09-18,0,5.666,0,5.914,0,6.046,5000,5000,5000,17180.0,5750.0,11742.0,5000.0,5000.0,5000.0,3.436,1.15,2.3484
